NO.1,NO.2,diff-correlation
1,6,7.35363,
1,14,82.9354,
1,67,5.5002,
1,84,5.55301,
1,86,6.16146,
1,101,15.2168,
1,105,6.48968,
1,145,7.37437,
1,160,8.20678,
1,183,6.05404,
1,194,15.9107,
1,198,8.09284,
1,253,330.466,
1,255,10.2953,
1,259,15.4533,
1,284,17.1197,
1,307,26.1031,
1,388,6.25711,
2,11,71.8094,
2,35,5.30643,
2,40,5.23516,
2,46,7.83659,
2,64,18.7056,
2,79,7.00281,
2,82,308.481,
2,92,18.2468,
2,115,9.06609,
2,119,9.22095,
2,128,39.9211,
2,132,734.302,
2,153,5.34242,
2,164,5.98225,
2,216,345.556,
2,221,9.98973,
2,230,58.2014,
2,231,144.862,
2,232,42.3074,
2,233,5.4678,
2,235,7.52349,
2,239,6.60876,
2,251,5.49254,
2,252,19.7731,
2,255,6.49913,
2,265,21.9587,
2,270,8.76635,
2,272,5.65432,
2,285,6.84768,
2,293,8.50802,
2,294,8.35062,
2,298,64995.3,
2,304,9.7685,
2,309,18.0533,
2,312,11.6641,
2,316,21.1948,
2,323,5.13657,
2,334,110.874,
2,336,52.5752,
2,338,7.14677,
2,340,10.8156,
2,341,8.15035,
2,345,13.8192,
2,355,527.513,
2,356,8.87983,
2,372,9.79667,
2,377,11.6766,
2,386,100.823,
2,389,5.42775,
3,11,8.13262,
3,34,5.24418,
3,51,10.1977,
3,119,11.2958,
3,125,26.978,
3,138,14.4467,
3,151,161.443,
3,188,19.0495,
3,224,5.32523,
3,270,5.13644,
3,277,8.88626,
3,284,6.71539,
3,320,6.07791,
3,354,5.93418,
3,360,20.5752,
3,365,14.2676,
3,386,7.50875,
4,10,44.7018,
4,37,6.95859,
4,46,6.5786,
4,55,44.4101,
4,84,10.0338,
4,98,22.3754,
4,103,8.63555,
4,115,9.63745,
4,125,7.3969,
4,126,305.912,
4,146,712.345,
4,149,17.9134,
4,171,6.0628,
4,201,5.83986,
4,203,40.1192,
4,205,34.8596,
4,208,9.12027,
4,211,72.9259,
4,216,449.945,
4,217,10.1877,
4,219,70.898,
4,225,31.9238,
4,228,5.88389,
4,232,15.343,
4,234,12.031,
4,252,5.53015,
4,254,15.2189,
4,272,8.72246,
4,274,7.32413,
4,275,115.25,
4,278,8.48998,
4,287,6.2306,
4,294,10.8565,
4,320,5.91981,
4,330,13.3359,
4,331,7.03272,
4,333,5.55858,
4,334,9.60354,
4,342,53.1522,
4,354,16.9212,
4,362,9.56146,
4,372,108.824,
4,382,22.5836,
4,383,8.62106,
4,389,11.7842,
5,55,56.9545,
5,69,37.1886,
5,84,14.7766,
5,145,12.9216,
5,151,11.6164,
5,159,5.24304,
5,170,30.3914,
5,179,29.347,
5,192,7.6751,
5,201,6.83711,
5,216,10.41,
5,231,15.0112,
5,232,64.6816,
5,252,26.2807,
5,254,8.63303,
5,277,9.292,
5,284,10.3605,
5,294,11.8897,
5,298,23.8277,
5,315,7.70116,
5,318,10.289,
5,343,20.5089,
5,362,5.59612,
5,383,27.384,
5,387,8.86767,
6,18,7.57965,
6,36,11.5163,
6,113,47.8246,
6,143,5.23238,
6,187,19.8818,
6,192,12.6456,
6,208,19.9509,
6,307,12.3578,
6,318,6.05249,
6,343,13.2784,
6,387,8.0667,
7,10,15.3308,
7,33,5.88934,
7,76,10.3063,
7,108,5.34871,
7,114,8.25258,
7,115,14.1492,
7,129,11.2309,
7,132,17.9712,
7,135,7.66647,
7,164,6.97118,
7,171,33.664,
7,229,32.2161,
7,239,12.9973,
7,251,7.07377,
7,285,6.53949,
7,289,7.90635,
7,305,9.34426,
7,321,10.5608,
7,324,243.428,
7,338,16.9492,
8,15,7.99739,
8,24,13.5319,
8,84,13.0778,
8,86,30.9596,
8,102,37.3781,
8,159,7.83506,
8,183,6.66531,
8,253,20.6159,
8,261,6.95093,
8,307,48.4257,
8,318,12.0386,
9,55,15.0195,
9,57,11.1427,
9,60,295.45,
9,69,6.37023,
9,73,7.99545,
9,84,40.1144,
9,86,5.02894,
9,99,18.3927,
9,105,5.98231,
9,125,6.70635,
9,147,8.16421,
9,148,9.17419,
9,150,7.3299,
9,159,33.5187,
9,177,5.56058,
9,188,5.98921,
9,233,5.32297,
9,253,102.46,
9,255,13.0696,
9,261,32.2015,
9,266,5.15687,
9,336,5.00985,
9,348,27.1088,
9,362,5.05373,
9,375,9.90705,
9,384,5.45558,
9,388,17.3322,
10,22,13.9206,
10,54,21.8984,
10,61,13.6681,
10,62,42.9582,
10,76,5.08244,
10,84,5.22384,
10,89,8.69496,
10,94,10.3786,
10,106,19.109,
10,110,75.3188,
10,114,6.11085,
10,127,6.67783,
10,140,6.83728,
10,150,36.8472,
10,152,8.01897,
10,162,5.30353,
10,176,8.50412,
10,182,10.8433,
10,190,11.8169,
10,194,17.2734,
10,200,5.60369,
10,267,24.9395,
10,270,25.4601,
10,277,12.9676,
10,279,10.2832,
10,294,17.4338,
10,305,10.7709,
10,328,73.3936,
10,331,9.75273,
10,342,6.76232,
10,361,8.7954,
10,386,42.8798,
11,31,28.7908,
11,36,16.881,
11,69,10.7843,
11,78,5.7285,
11,116,12.9873,
11,120,6.23978,
11,130,5.24026,
11,188,5.81873,
11,192,6.0882,
11,229,6.40209,
11,253,15.3505,
11,259,7.60261,
11,264,28.6496,
11,277,5.83746,
11,315,19.9237,
11,388,13.5333,
12,38,6.88857,
12,39,5.29416,
12,40,5.41255,
12,47,6.62608,
12,65,48.2791,
12,82,7.73551,
12,94,5.88323,
12,109,215.079,
12,188,34.9622,
12,208,9.16454,
12,221,12.7346,
12,226,6.74473,
12,234,16.3627,
12,242,6.71699,
12,268,6.84169,
12,269,13.7292,
12,283,7.36104,
12,296,37.0621,
12,326,28.2403,
12,327,8.60007,
12,338,6.20492,
12,339,7.63398,
12,372,16.3393,
12,381,6.18118,
12,382,11.9094,
13,76,152.316,
13,141,11.8096,
13,240,7.83112,
13,260,12.9453,
14,54,8.3893,
14,84,8.28004,
14,113,9.24349,
14,116,7.64895,
14,145,5.26443,
14,154,7.62435,
14,159,14.7223,
14,161,7.89282,
14,183,120.699,
14,197,20.0358,
14,315,5.32314,
14,318,11.1213,
14,387,17.9556,
15,26,8.42884,
15,36,17.2479,
15,41,12.6091,
15,116,34.8653,
15,162,5197.85,
15,197,6.61432,
15,201,18.0716,
15,241,8.88596,
15,259,24.9789,
15,274,7.85432,
15,388,12.0113,
16,35,10.4637,
16,97,7.96395,
16,108,6.09758,
16,149,10.6382,
16,164,10.1964,
16,204,15.557,
16,211,13.2993,
16,238,8.93582,
16,239,12.9635,
16,240,54.3061,
16,243,8.64788,
16,249,91.5001,
16,252,6.88329,
16,269,7.09057,
16,270,18.8047,
16,298,14.8974,
16,326,42.5547,
16,331,7.0309,
16,340,5.75056,
16,344,7.06556,
16,345,111.916,
16,352,7361.32,
16,355,41.2585,
16,367,33.5053,
16,368,12.7681,
16,370,20.9821,
16,376,32.7367,
16,380,33.6103,
17,67,17.2379,
17,78,8.23711,
17,139,21.1143,
17,151,43.8993,
17,175,13.9482,
17,180,5.41729,
17,188,13.7699,
17,191,17.9062,
17,201,10.232,
17,206,11.7416,
17,228,7.47821,
17,234,5.3095,
17,244,18.7728,
17,252,10.4037,
17,257,13.9405,
17,259,155.026,
17,270,7.43483,
17,277,35.3378,
17,294,6.32785,
17,296,5.00867,
17,298,11.6431,
17,318,5.22326,
17,330,5.07131,
17,333,14.0968,
17,334,6.4433,
17,336,10.393,
17,345,11.728,
17,348,23.1722,
17,356,7.74673,
17,362,15.7743,
17,371,9.44276,
17,377,11.4203,
17,381,8.33277,
17,386,10.4177,
17,387,143.592,
18,51,6.53396,
18,54,29.7096,
18,68,9.326,
18,84,5.78235,
18,107,12.3417,
18,143,5.35924,
18,145,13.3142,
18,194,6.67045,
18,253,20.9036,
18,296,20.071,
18,315,12.2366,
19,62,11.489,
19,76,56.4938,
19,84,5.88644,
19,85,27.2181,
19,141,16.6856,
19,144,6.00596,
19,172,15.5908,
19,193,5.14482,
19,199,5.68309,
19,203,11.1348,
19,204,21.037,
19,213,12.4057,
19,235,6.63428,
19,311,11.6791,
19,335,5.89102,
19,363,5.69864,
21,24,102.107,
21,36,6.64166,
21,72,7.1353,
21,73,5.7438,
21,80,5.7388,
21,113,7.3067,
21,145,48.4801,
21,181,6.33562,
21,197,7.17777,
21,388,6.41898,
22,89,2126.12,
22,117,35.4917,
22,127,6.15838,
22,137,14.3312,
22,144,13.5559,
22,200,5.02305,
22,222,82.1443,
22,236,18.4225,
22,268,8.76183,
22,283,16.5918,
22,308,15.7284,
22,311,6.12821,
22,349,38.5142,
23,31,13.6961,
23,34,19.6147,
23,35,9.14847,
23,41,6.66203,
23,57,1330.31,
23,69,9.53811,
23,70,20.0469,
23,73,8.84832,
23,116,5.73758,
23,125,6.63433,
23,160,9.55851,
23,194,5.22352,
23,253,17.5429,
23,280,9.64079,
23,284,5.21017,
23,305,5.01506,
23,315,16.129,
24,34,7.09917,
24,36,8.28078,
24,55,30.3258,
24,67,40.2275,
24,72,9.12906,
24,80,6.25812,
24,99,3159.41,
24,145,18.8474,
24,148,240.787,
24,151,11.5241,
24,187,6.61159,
24,198,5.13656,
24,252,8.17975,
24,253,16.0397,
24,255,17.8647,
24,307,16.3563,
24,315,18.9408,
24,318,6.46983,
24,388,8.12989,
25,50,680.657,
25,84,17.8572,
25,90,23.7945,
25,95,52.7383,
25,97,14.9386,
25,108,5.30918,
25,180,5.45215,
25,188,34.4872,
25,226,23.9006,
25,228,9.70334,
25,239,5.81932,
25,252,71.9287,
25,265,5.21557,
25,269,668.652,
25,270,51.3035,
25,272,22.1153,
25,275,11.4975,
25,277,8.13381,
25,281,9.60233,
25,291,10.6527,
25,322,12.8293,
25,326,5.29582,
25,330,5.9239,
25,335,6.36558,
25,339,8.02123,
25,344,77.7707,
25,362,6.8667,
25,367,9.91234,
25,369,10.4865,
25,380,22.5075,
25,381,25.1437,
26,101,10.8282,
26,105,8.07202,
26,107,43.8827,
26,116,5.96827,
26,315,23.3099,
27,42,17.4502,
27,51,35.7684,
27,58,9.01612,
27,90,206.791,
27,127,5.25182,
27,132,9.45542,
27,164,37.3696,
27,176,9.21925,
27,199,127.399,
27,228,7.34319,
27,235,9.89135,
27,240,45.0412,
27,243,33.4836,
27,247,14.8903,
27,267,21.1663,
27,270,6.19029,
27,317,16.9244,
27,327,57.1761,
27,335,6.11703,
27,347,570.781,
27,358,11.6973,
27,364,11.2441,
27,366,33.2325,
27,369,7.86995,
28,65,19.9853,
28,84,62.505,
28,108,7.21972,
28,114,9.82719,
28,119,5.35857,
28,211,27.0846,
28,214,6.93139,
28,237,9.42375,
28,238,28.3049,
28,243,21.405,
28,248,135.692,
28,251,13.4326,
28,306,15.6598,
28,317,7.38556,
28,327,12.2685,
28,338,5.359,
28,339,38.9649,
28,351,11.2697,
28,352,20.4417,
28,376,7.95623,
28,381,8.35563,
29,76,7.07334,
29,77,125.721,
29,117,8.57973,
29,133,9.06288,
29,141,35.0169,
29,163,7.74239,
29,168,44.7249,
29,178,6.53632,
29,243,9.09302,
29,303,43.1767,
29,326,26.6179,
30,113,9.29587,
30,246,8.8796,
30,286,22.1727,
31,36,6.39467,
31,51,8.93521,
31,69,19.3169,
31,84,40.8493,
31,107,47.0715,
31,120,9.77506,
31,160,48.1049,
31,187,7.43804,
31,192,5.65923,
31,194,7.42965,
31,253,8.09442,
31,312,5.54671,
31,318,8.04494,
31,388,5.6315,
32,44,6.92917,
32,64,11.498,
32,65,31.5681,
32,106,22.3091,
32,108,5.33542,
32,114,6.87563,
32,119,7.98692,
32,128,7.53574,
32,151,5.16532,
32,172,32.1617,
32,211,7.88675,
32,239,24.4888,
32,244,5.53298,
32,283,12.8447,
32,292,6.29382,
32,298,9.06181,
32,309,6.99504,
32,317,5.05283,
32,324,31.1253,
32,351,13.1568,
32,367,5.63161,
33,36,12.6416,
33,43,35.8573,
33,44,13.3641,
33,48,12.6649,
33,59,7.032,
33,74,52.5413,
33,84,20.6574,
33,97,6.55885,
33,128,12.1689,
33,132,6.3598,
33,178,8.77368,
33,185,5.20235,
33,193,245.309,
33,196,8.75628,
33,214,5.75777,
33,225,8.8047,
33,226,5.42772,
33,239,5.29333,
33,245,19.9,
33,262,7.21281,
33,263,5.8083,
33,267,11.6248,
33,276,5.03966,
33,320,14.064,
33,332,5.52037,
33,340,20.4963,
33,349,9.17104,
33,351,9.2515,
33,358,7.68635,
33,359,5.89384,
33,362,5.75141,
33,363,8.87261,
33,366,18.2039,
33,369,5.52496,
33,373,7.43732,
33,374,9.64419,
33,378,37.315,
33,382,7.69632,
34,62,13.0464,
34,73,11.0163,
34,90,31.6466,
34,105,5.35305,
34,107,6.72145,
34,109,6.34189,
34,111,6.42367,
34,112,8.12004,
34,116,17.3181,
34,121,6.27684,
34,145,8.23929,
34,159,14.5622,
34,181,5.78728,
34,183,7.58076,
34,210,6.24961,
34,261,7.94333,
34,283,5.96531,
34,307,17.0506,
34,312,26.4894,
34,313,12.8379,
34,315,123.89,
34,326,5.54047,
34,342,7.29552,
34,370,850.141,
34,385,5.9616,
34,388,6.01645,
35,36,13.6561,
35,50,14.1771,
35,57,5.68588,
35,60,5.17464,
35,76,6.67113,
35,82,7.94056,
35,84,186.094,
35,106,9.82633,
35,118,13.6273,
35,126,5.47345,
35,150,28.6369,
35,226,7.24557,
35,258,8.26908,
35,276,7.24929,
35,283,465.85,
35,355,5.57281,
35,370,6.94994,
36,41,123.839,
36,54,159.899,
36,62,415.484,
36,69,18.7062,
36,90,7.63921,
36,99,28.0317,
36,107,12.8032,
36,111,18.7806,
36,112,141.963,
36,114,5.09766,
36,124,6.7774,
36,135,6.96288,
36,145,14.2281,
36,161,7.03137,
36,162,10.0507,
36,171,8.85825,
36,175,5.6133,
36,182,13.7997,
36,185,18.4338,
36,188,13.5704,
36,199,12.3595,
36,203,7.06074,
36,207,27.6976,
36,210,11.3448,
36,224,30.0782,
36,235,11.5774,
36,241,6.30048,
36,247,416.521,
36,249,6.18632,
36,251,10.339,
36,257,6.54054,
36,260,25.5126,
36,266,5.18713,
36,294,11.6253,
36,300,5.21256,
36,307,9.21621,
36,309,9.28628,
36,313,6.03954,
36,315,27.3173,
36,323,15.6881,
36,332,6.55613,
36,334,5.93646,
36,341,5.5793,
36,342,16.4825,
36,347,6.09379,
36,348,7.99268,
36,350,13.6109,
36,355,15.8668,
36,357,5.70263,
36,361,6.17163,
36,362,5.01405,
36,372,5.21157,
36,375,31.6585,
36,378,46.0635,
36,388,8.61354,
37,84,15.9879,
37,98,7.01172,
37,103,118.952,
37,109,10.498,
37,119,8.28704,
37,138,891.088,
37,151,9.85429,
37,153,11.1904,
37,180,10.9427,
37,270,5.41903,
37,277,5.4576,
37,292,8.34649,
37,298,12.6883,
37,305,8.65508,
37,318,13.272,
38,49,32.5157,
38,60,60.5932,
38,74,11.9029,
38,99,7.33343,
38,109,14.8688,
38,120,5.83237,
38,123,9.77985,
38,126,8.42445,
38,128,20.9061,
38,141,37.5792,
38,142,9.51692,
38,153,21.363,
38,158,12.079,
38,167,7.10233,
38,191,28.6116,
38,194,7.73099,
38,201,8.27082,
38,206,9.49242,
38,233,7.12235,
38,239,12.7307,
38,254,12.2933,
38,261,193.77,
38,264,5.23093,
38,266,5.19782,
38,283,9.60953,
38,298,6.31071,
38,362,6.79827,
38,365,11.7382,
38,388,556.037,
39,129,12.2566,
39,133,8.02116,
39,163,19.7676,
39,186,6.95318,
39,200,17.4484,
39,251,87.2306,
39,270,36.3358,
39,286,5.28122,
39,306,9.42638,
39,328,5.88662,
39,338,5.70246,
39,345,8.65438,
40,50,779.557,
40,59,965.839,
40,62,26.285,
40,74,6.07199,
40,84,63.3847,
40,106,11.2447,
40,109,7.2865,
40,114,14.6805,
40,118,48.4313,
40,128,414.605,
40,136,18.2887,
40,160,6.78253,
40,201,19.0118,
40,205,5.26516,
40,207,22.2284,
40,215,5.15387,
40,270,26.3317,
40,293,5.21538,
40,298,10.7218,
40,310,38.6369,
40,326,9.43625,
40,383,12.854,
41,70,7.17219,
41,73,5.27538,
41,84,7.58569,
41,86,46.9368,
41,105,10.9023,
41,107,13.2739,
41,116,187.978,
41,153,11.4575,
41,154,26.3656,
41,195,52.7573,
41,197,10.792,
41,319,7.16938,
41,386,6.97693,
41,387,18.1481,
41,388,11.2195,
42,50,18.4189,
42,114,33.8003,
42,119,7.69805,
42,188,6.06006,
42,199,6.08058,
42,235,10.3101,
42,260,15.1669,
42,271,14.3837,
42,281,26.0926,
42,326,31.8119,
42,345,7.97866,
42,364,6.00924,
42,368,64.1128,
42,369,7.86608,
42,373,5.05324,
43,47,6.48265,
43,52,7.74183,
43,65,16.4682,
43,95,6.71993,
43,108,6.95041,
43,114,5.26483,
43,135,27.2714,
43,151,8.0934,
43,188,22.9689,
43,214,11.1457,
43,227,8.03548,
43,238,6.76164,
43,252,5.4612,
43,282,5.46378,
43,283,6.53923,
43,305,7.67267,
43,326,59.609,
43,352,6.13073,
43,364,29.1629,
44,45,14.4517,
44,50,17.8402,
44,62,18.2448,
44,76,14.6627,
44,84,6.87841,
44,96,13.0663,
44,100,15.2128,
44,108,73.7649,
44,114,248.77,
44,126,21.4482,
44,164,364.648,
44,167,141.343,
44,176,18.9934,
44,220,9.16431,
44,227,5.15736,
44,235,5.69409,
44,243,7.88838,
44,248,84.5453,
44,249,9.79267,
44,272,5.40899,
44,298,6.33031,
44,301,18.4607,
44,317,5.08476,
44,326,9.78442,
44,332,12.029,
44,338,15.9891,
44,340,68.0663,
44,355,5.26592,
44,373,7.41887,
45,49,11.5072,
45,50,19.1195,
45,53,16.5662,
45,61,3525.22,
45,62,21.8473,
45,79,5.44523,
45,118,8.32815,
45,119,7.54548,
45,123,373.2,
45,150,7.89706,
45,165,12.6277,
45,184,24.371,
45,188,10.8542,
45,196,5.83294,
45,219,9.58695,
45,226,5.91032,
45,259,5.21196,
45,264,26.4055,
45,270,23.3143,
45,283,18.0987,
45,284,31.2303,
45,347,17.1101,
45,387,6.74822,
46,50,9.369,
46,81,7.57124,
46,91,5.63435,
46,108,5.10995,
46,141,35.5867,
46,188,29.7642,
46,203,11.3558,
46,206,7.6002,
46,216,13.9518,
46,232,289.4,
46,242,5.43142,
46,244,10.5929,
46,252,57.8803,
46,326,638.423,
46,330,7.51285,
46,339,35.9613,
46,361,142.217,
46,362,9.51476,
46,372,5.92397,
47,50,5.00409,
47,79,5.70134,
47,84,5.38678,
47,95,25.035,
47,108,10.6568,
47,141,6.68846,
47,205,75.9826,
47,220,57.9964,
47,221,5.924,
47,247,19.5976,
47,260,32.3309,
47,267,8.05527,
47,286,20.1274,
47,306,122.914,
47,327,7.24239,
47,350,16.3733,
47,376,631.662,
47,379,8.76817,
48,108,18.8673,
48,110,18.2362,
48,131,9.48919,
48,164,6.9336,
48,168,8.93586,
48,171,24.1277,
48,173,34.6075,
48,180,12.2915,
48,220,6.42015,
48,249,8.10957,
48,298,80.6062,
48,311,9.51619,
48,345,9.21038,
49,84,40.8859,
49,92,9.6224,
49,98,9.12401,
49,114,16.6152,
49,118,5.42095,
49,260,51.9862,
49,264,19.7537,
49,270,8.10667,
49,278,9.65688,
49,287,16.1425,
49,314,12.7891,
49,345,6.30623,
50,75,7.92605,
50,77,43.3943,
50,82,7.18461,
50,85,7.35948,
50,94,5.20803,
50,95,7.03038,
50,96,35.7563,
50,108,6.20912,
50,115,6.50453,
50,119,22.3626,
50,123,9.76016,
50,124,6.55991,
50,135,7.83456,
50,141,12.638,
50,146,7.25605,
50,147,6.73242,
50,162,468.247,
50,165,89.8166,
50,167,29.4972,
50,179,59.615,
50,182,5.97461,
50,186,14.9415,
50,202,11.3782,
50,204,6.165,
50,205,5.90541,
50,208,202.556,
50,210,6.20387,
50,211,10.3411,
50,212,190.875,
50,217,5.70709,
50,227,5.0326,
50,232,101.422,
50,235,11.624,
50,250,5.66725,
50,251,10.3268,
50,252,50.6422,
50,260,11.5957,
50,265,6.77549,
50,273,22.8544,
50,278,6.34552,
50,293,7.26813,
50,304,38.6781,
50,309,5.51363,
50,322,171.02,
50,323,9.58924,
50,324,6.06767,
50,340,17.3342,
50,345,8.79625,
50,347,50.6181,
50,348,11.6521,
50,353,8.98167,
50,354,58.7201,
50,359,10.8098,
50,371,5.40627,
50,373,5.48341,
50,377,13.2307,
50,379,11.2076,
50,381,26.9528,
50,382,5.02186,
51,54,6.49557,
51,70,5.43427,
51,99,9.34608,
51,100,12.4835,
51,111,52.8148,
51,113,5.97174,
51,130,11.9636,
51,145,12.1322,
51,150,8.786,
51,181,23.9163,
51,183,13.0389,
51,194,34.0641,
51,212,11.623,
51,215,6.25804,
51,226,6.64411,
51,228,292.764,
51,231,10.3737,
51,242,58.9364,
51,246,7.80748,
51,252,56.4556,
51,284,9.48763,
51,285,22.7541,
51,323,11.1312,
51,329,16.8858,
51,330,6.11559,
51,331,5.13861,
51,357,6.19082,
51,375,6.8648,
51,388,24.9792,
52,62,37.0939,
52,65,15.3514,
52,76,5.53527,
52,84,25.9301,
52,94,105.476,
52,95,5.51736,
52,110,362.062,
52,114,8.38265,
52,123,5.13884,
52,126,13.1885,
52,150,5.30464,
52,200,13.0998,
52,215,29.8491,
52,217,9.02726,
52,225,33.824,
52,235,7.34254,
52,242,21.6726,
52,250,7.04581,
52,258,5.21596,
52,260,134.099,
52,275,5.69234,
52,298,9.9311,
52,303,84.3813,
52,317,6.39956,
52,326,16.5981,
52,331,7.71747,
52,335,7.60601,
52,350,6.77692,
52,366,5.44611,
52,367,5.07,
53,60,5.4829,
53,101,5.46837,
53,112,13.5851,
53,124,7.77145,
53,151,16.5545,
53,177,18.1795,
53,188,44.0835,
53,206,17.5962,
53,216,12.1393,
53,248,79.4977,
53,269,7.57992,
53,284,18.8285,
53,296,42.4082,
53,304,16.0045,
53,333,5.02252,
53,336,6.77333,
53,354,5.12537,
53,365,5.86571,
54,62,8.44465,
54,67,8.32014,
54,72,6.35811,
54,73,13.6178,
54,138,7.87098,
54,148,36.0158,
54,153,6.5487,
54,159,17.9877,
54,160,23.8007,
54,185,5.52776,
54,255,63.4893,
54,280,6.83144,
54,284,11.6498,
54,307,57.9675,
54,312,5.61201,
54,386,18.4382,
54,388,19.2171,
55,56,17.2561,
55,73,78.1259,
55,84,7.75367,
55,86,12.3096,
55,92,5.04428,
55,99,28.3147,
55,119,7.52952,
55,120,1557.19,
55,141,5.11627,
55,149,6.07387,
55,157,8.63091,
55,188,9.88914,
55,194,9.00775,
55,215,7.53579,
55,216,7.06093,
55,232,6.68119,
55,259,5.80907,
55,261,17.0156,
55,296,6.52263,
55,375,5.08967,
55,386,40.4556,
56,60,10.4169,
56,84,6.56362,
56,86,18.8259,
56,97,29.4495,
56,119,10.4473,
56,120,21.9715,
56,141,32.6533,
56,148,8.95344,
56,153,53.723,
56,184,20.7943,
56,188,31.9517,
56,196,147.82,
56,218,92.1902,
56,233,5.81568,
56,242,6.78606,
56,252,5.53985,
56,270,6.60151,
56,294,13.3666,
56,319,31.6439,
56,334,16.6939,
56,375,6.64484,
56,382,12.8846,
56,386,16.6595,
57,86,5.34963,
57,105,13.6372,
57,107,5.61256,
57,120,5.52228,
57,128,16.5363,
57,130,7.17431,
57,155,23.9985,
57,182,8.51865,
57,192,8.32317,
57,201,9.59445,
57,206,8.43403,
57,219,12.9828,
57,264,24.6167,
57,270,5.46593,
57,334,39.6305,
57,351,5.04848,
57,372,7.43259,
57,375,7.59315,
57,386,77.6586,
58,85,13.9872,
58,87,52.1875,
58,108,241.53,
58,190,14.7417,
58,199,10.4731,
58,209,6.88603,
58,225,5.3488,
58,298,6.5831,
58,302,38.5047,
58,349,7.01675,
58,367,5.63079,
58,374,5.54363,
59,84,92.3401,
59,92,27.0085,
59,108,11.0266,
59,110,5.1715,
59,141,14.6378,
59,147,11.4014,
59,167,5.55982,
59,168,8.99873,
59,205,6.8861,
59,232,6.10237,
59,238,8.43972,
59,252,6.28578,
59,261,15.9337,
59,270,11.5626,
59,271,9.24958,
59,275,7.53237,
59,276,8.7294,
59,279,9.59612,
59,289,11.0753,
59,291,312.842,
59,292,8.47876,
59,294,6.66935,
59,298,5.12332,
59,304,7.31732,
59,320,25.3861,
59,325,14.846,
59,326,9.91794,
59,339,5.14341,
59,354,19.3292,
59,373,12.0833,
59,388,18.4309,
60,79,6.10078,
60,84,34.7218,
60,91,12.4518,
60,96,9.67894,
60,125,5.61197,
60,126,18.5468,
60,136,208.227,
60,138,5.117,
60,142,54.6018,
60,146,62.9947,
60,153,5.05805,
60,162,5.02104,
60,167,7.18504,
60,175,17.8517,
60,177,34.6514,
60,179,14.5683,
60,185,6.63726,
60,196,18.2973,
60,201,7.7774,
60,203,6.62127,
60,206,22.1385,
60,215,5.1775,
60,219,8.31924,
60,223,26.9093,
60,228,509.612,
60,232,7.39778,
60,234,6.92115,
60,254,6.17624,
60,255,5.85412,
60,257,11.5827,
60,274,8.4882,
60,275,8.03466,
60,287,20.3188,
60,313,6.13546,
60,331,7.20438,
60,333,6.67811,
60,334,164.526,
60,342,20.662,
60,354,6.13431,
60,355,6.76066,
60,357,7.54745,
60,360,5.98491,
60,362,41.5931,
60,365,20.9624,
60,382,8.62042,
60,386,8.53088,
60,389,6.23652,
61,76,8.74298,
61,114,8.69129,
61,138,13.8873,
61,146,21.5098,
61,180,52.1124,
61,205,6.37419,
61,230,20.0806,
61,251,5.54583,
61,252,12.3121,
61,326,9.8244,
61,338,14.0616,
61,345,5.66182,
61,348,5.25958,
61,353,7.21977,
61,366,7.56504,
61,370,26.6237,
62,64,29.9008,
62,79,7.1726,
62,85,22.4428,
62,95,13.5991,
62,96,8.93845,
62,103,7.35258,
62,115,80.8557,
62,118,8.4367,
62,119,6.46927,
62,123,10.3655,
62,132,13.4751,
62,141,5.95143,
62,146,36.3534,
62,164,98.2854,
62,167,10.4231,
62,179,5.33121,
62,196,32.1529,
62,202,12.9558,
62,208,6.71711,
62,226,12.3449,
62,227,10.3846,
62,229,7.68657,
62,231,5.67917,
62,235,55.9761,
62,239,16.5208,
62,245,10.9856,
62,260,14.1377,
62,272,14.5873,
62,273,6.91049,
62,282,16.4471,
62,294,5.62601,
62,309,6.42417,
62,310,8.90498,
62,318,17.5869,
62,324,6.8056,
62,326,19.783,
62,331,7.04449,
62,341,11.5727,
62,342,8.02053,
62,349,37.236,
62,359,5.89128,
62,381,5.01408,
63,105,5.10201,
63,113,7.56504,
63,130,5.08893,
63,159,7.21537,
63,181,40.5428,
63,183,50.101,
63,201,14.9998,
63,388,29.8721,
64,119,11.6554,
64,141,8.76042,
64,147,7.53794,
64,188,9.84054,
64,205,6.85849,
64,206,5.42516,
64,207,7.35507,
64,219,38.4244,
64,220,20.28,
64,231,28.6216,
64,234,68.1821,
64,252,6.71001,
64,264,286.495,
64,270,24.2939,
64,284,13.3437,
64,285,14.1544,
64,292,38.3066,
64,318,9.68952,
64,333,29.7105,
64,336,65.2782,
64,348,10.9639,
64,354,5.85982,
64,356,9.06491,
64,360,5.34111,
64,378,10.595,
64,380,10.3104,
64,383,8.93206,
65,74,16.0967,
65,76,34.5042,
65,81,15.9389,
65,84,63.1653,
65,85,27.8609,
65,93,6.92078,
65,94,42.6598,
65,95,104.192,
65,118,7.55499,
65,126,5.65039,
65,133,45.9093,
65,164,12.1167,
65,190,254.248,
65,196,13.3444,
65,203,38.3207,
65,221,5.66976,
65,225,20.5685,
65,229,5.2178,
65,235,11.614,
65,237,10.1966,
65,260,13.872,
65,267,70.0011,
65,270,51.7815,
65,286,58.5386,
65,293,7.61308,
65,298,6.43047,
65,303,39.7657,
65,304,5.70485,
65,306,9.56215,
65,325,8.95097,
65,326,9.42084,
65,331,20.5754,
65,339,23.4494,
65,345,5.39646,
65,353,115.055,
65,360,12.6935,
65,363,8.36307,
65,364,31.0748,
65,371,27.7382,
65,374,8.54511,
65,376,19.284,
65,379,12.5679,
65,380,109.705,
65,385,5.12885,
66,72,99.0746,
66,113,218.311,
66,191,29.4549,
66,201,238.382,
66,388,10.4195,
67,69,137.327,
67,70,5.89449,
67,73,5.14826,
67,99,9.64011,
67,105,5.81524,
67,111,5.93723,
67,121,6.50032,
67,130,21.3732,
67,141,38.2132,
67,145,5.06373,
67,148,11.1302,
67,153,57.5109,
67,155,6.56855,
67,188,6.56064,
67,194,37.7985,
67,223,11.2732,
67,224,5.45944,
67,231,22.1305,
67,253,9.61562,
67,257,14.2147,
67,264,12.2645,
67,280,6.86501,
67,287,8.59889,
67,318,5.22079,
67,336,5.72444,
67,384,5.77578,
68,113,6.13777,
68,197,7.50771,
68,315,5.05391,
68,388,6.39265,
69,70,6.97406,
69,80,30.1248,
69,84,21.0095,
69,101,5.00764,
69,102,9.94606,
69,107,7.49418,
69,111,27.1346,
69,120,8.97528,
69,154,7.0684,
69,185,14.5584,
69,187,8.41883,
69,192,6.80678,
69,197,27.1832,
69,210,9.29229,
69,214,6.35982,
69,224,14.6293,
69,232,16.6474,
69,252,9.17969,
69,255,12.2263,
69,277,104.555,
69,296,12.5679,
69,319,33.7533,
69,360,5.58646,
69,384,5.57986,
69,386,27.4824,
70,84,6.75191,
70,102,13.4554,
70,107,5.97289,
70,112,9.08951,
70,145,10.1811,
70,153,6.93396,
70,194,73.9062,
70,261,5.34454,
70,307,7.99816,
70,386,18.4832,
70,388,5.39298,
71,99,7.47499,
71,108,7.1505,
71,129,34.3335,
71,132,11.6709,
71,167,6.07064,
71,202,8.82727,
71,235,19.8703,
71,244,33.1124,
71,248,11.931,
71,317,6.20003,
71,326,30.8611,
71,345,9.90621,
71,351,7.19944,
71,367,10.0505,
72,107,7.05085,
72,113,6.12505,
72,116,6.68085,
72,130,9.52832,
72,181,17.7911,
72,207,6.11247,
72,215,9.33397,
72,227,10.0869,
72,307,27.1045,
72,315,5.3006,
72,318,5.41401,
72,332,6.69458,
72,343,29.8866,
73,82,11.0331,
73,111,10.45,
73,116,12.2022,
73,120,18.5809,
73,125,1227.09,
73,151,10.7554,
73,153,22.1047,
73,174,8.35272,
73,185,5.26789,
73,192,6.68195,
73,197,5.65805,
73,198,13.3465,
73,206,6.66331,
73,207,51.5967,
73,210,17.5198,
73,231,18.273,
73,233,14.7393,
73,259,240.452,
73,298,12.8688,
73,304,10.1597,
73,312,5.63546,
73,329,8.21512,
73,334,89.9136,
74,75,5.53958,
74,76,7.69176,
74,101,10.8159,
74,119,12.5609,
74,149,28.8427,
74,166,6.63913,
74,193,7.48844,
74,214,11.9484,
74,234,5.97274,
74,252,6.15769,
74,266,5.36954,
74,277,8.14742,
74,294,9.03006,
74,305,33.965,
74,316,19.3016,
74,317,6.84774,
74,329,32.8313,
74,333,1064.62,
74,338,5.00865,
74,386,16.3864,
75,94,21.7108,
75,118,25.9894,
75,123,7.64532,
75,126,8.52958,
75,141,6.01802,
75,163,5.42668,
75,176,5.44773,
75,185,8.39402,
75,194,11.232,
75,212,6.8746,
75,248,50.1673,
75,262,5.83109,
75,283,45.1336,
75,285,6.73193,
75,287,8.25682,
75,288,9.80156,
75,289,19.4317,
75,298,19.506,
75,327,7.95989,
75,349,7.3119,
75,371,11.167,
76,77,5.6194,
76,79,6.55844,
76,82,55.6272,
76,87,148.324,
76,89,15.0393,
76,90,12.8032,
76,96,17.8903,
76,109,42.1226,
76,114,7.21132,
76,117,5.15391,
76,122,9.80258,
76,123,6.39188,
76,127,10.757,
76,135,7.98906,
76,140,36.1072,
76,144,41.0133,
76,151,13.3972,
76,152,7.91012,
76,155,19.1108,
76,160,13.1784,
76,162,6.15352,
76,163,8.24073,
76,165,38.7268,
76,167,10905.9,
76,168,22.9804,
76,174,5.41443,
76,180,8.72792,
76,188,13.6133,
76,196,5.59715,
76,211,71.5179,
76,212,9.97769,
76,218,5.09886,
76,220,6.17269,
76,221,75.8605,
76,222,21.9248,
76,225,8.61488,
76,226,9.39785,
76,232,20.0692,
76,240,10.2572,
76,241,13.6468,
76,245,22.7375,
76,248,9.92046,
76,249,7.95404,
76,250,34.1173,
76,251,8.11402,
76,252,12.2815,
76,262,7.78384,
76,265,7.41077,
76,268,15.4937,
76,269,9.88222,
76,273,17.6694,
76,274,6.54535,
76,276,16.3999,
76,281,13.8436,
76,282,9.73438,
76,285,67.1923,
76,288,23.4793,
76,289,11.9089,
76,291,6.32653,
76,295,5.92477,
76,302,6.55532,
76,304,10.2449,
76,306,6.40058,
76,308,5.36168,
76,323,8.58771,
76,326,9.21832,
76,327,26.116,
76,335,286.949,
76,338,144.199,
76,347,5.71293,
76,349,28.4069,
76,350,53.7842,
76,352,5.31585,
76,355,6.98733,
76,358,52.9794,
76,360,9.06459,
76,368,5.55137,
76,371,7.62613,
76,373,5.57563,
76,374,19.2001,
76,377,12.1487,
76,378,10.9152,
76,379,26.0504,
76,383,5.97264,
77,171,8.18758,
77,176,23.2912,
77,211,23.3649,
77,226,23.9079,
77,239,16.6916,
77,326,5.41153,
77,339,8.1475,
77,349,247.829,
78,84,6.71487,
78,99,9.36875,
78,108,5.77785,
78,124,18.726,
78,126,8.95991,
78,171,16.9614,
78,177,13.382,
78,184,7.025,
78,188,6.38692,
78,201,6.01082,
78,216,14.8663,
78,284,15.2252,
78,287,9.10273,
78,305,27.3928,
78,314,16.0945,
78,360,18.8166,
79,84,81.3412,
79,91,14.5543,
79,114,7.93797,
79,116,22.425,
79,124,11.1067,
79,126,78.2913,
79,150,11.6696,
79,153,8.24368,
79,167,68.4976,
79,185,12.0551,
79,190,16.5989,
79,201,9.48696,
79,206,6.54548,
79,207,12.7397,
79,211,5.94585,
79,219,7.26851,
79,265,5.57995,
79,283,6.32133,
79,284,6.3348,
79,288,10.8359,
79,298,16.4172,
79,305,7.74342,
79,338,10.2684,
79,339,14.6659,
79,344,77.6521,
79,355,5.32458,
79,356,35.1947,
79,362,103.39,
79,374,5.53709,
79,389,66.4486,
80,86,6.34249,
80,107,7.43209,
80,143,8.28843,
80,145,6.00586,
80,148,118.64,
80,154,5.83249,
80,198,15.9123,
80,246,34.0781,
80,277,14.6015,
80,388,20.5986,
81,84,28.2612,
81,108,17.4055,
81,110,38.8809,
81,114,7.42602,
81,128,18.8318,
81,141,12.8687,
81,226,10.7116,
81,239,14.561,
81,271,21.3417,
81,322,26.157,
81,338,6.63643,
81,345,90.917,
81,349,5.34172,
82,84,40.6505,
82,103,25.0572,
82,112,15.3181,
82,119,5.25433,
82,138,8.67991,
82,158,5.14874,
82,167,6.57601,
82,188,19.172,
82,194,5.86521,
82,206,5.95868,
82,234,8.9759,
82,255,10.7409,
82,259,25.4785,
82,261,16.3864,
82,264,115.766,
82,296,6.66463,
82,297,7.09315,
82,298,9.85078,
82,313,9.34118,
82,322,10.9746,
82,326,78.4541,
82,342,18.6357,
82,378,6.64467,
83,163,9.61206,
83,178,37.7054,
83,302,7.47762,
84,87,5.17787,
84,89,8.41359,
84,90,56.2535,
84,91,9.04955,
84,92,12.9444,
84,94,22.8027,
84,102,6.81577,
84,103,8.94855,
84,106,18.967,
84,109,8.99966,
84,110,8.57905,
84,111,9.22693,
84,114,62.5595,
84,116,7.94406,
84,119,39.6284,
84,120,15.9247,
84,122,15.3768,
84,124,5.37042,
84,127,13.7023,
84,129,17.4262,
84,130,6.48815,
84,134,9.95089,
84,139,2080.98,
84,140,7.47844,
84,142,7.86995,
84,147,19.2941,
84,151,19.5606,
84,159,64.9781,
84,160,49.821,
84,162,5.67646,
84,165,8.81526,
84,166,9.82784,
84,168,5.22543,
84,169,5.03923,
84,170,25.5997,
84,173,13.5781,
84,174,26.0992,
84,175,5.00289,
84,179,5.36945,
84,180,8.01979,
84,181,5.13032,
84,183,21.92,
84,185,22.5364,
84,188,127.048,
84,191,24.587,
84,194,11.5705,
84,204,142.397,
84,205,15.9133,
84,207,5.25586,
84,210,15.0509,
84,211,7.94076,
84,212,11.9839,
84,215,11.7382,
84,218,28.1289,
84,221,28.7956,
84,224,10.3719,
84,227,5.22591,
84,228,5.64796,
84,229,7.88899,
84,230,7.63279,
84,231,5.71991,
84,232,10.7616,
84,234,6.20616,
84,237,9.70223,
84,242,35.2962,
84,245,46.0601,
84,252,6.79686,
84,254,10.0618,
84,262,11.452,
84,263,7.6739,
84,265,70.958,
84,268,5.28618,
84,269,10.983,
84,274,9.66392,
84,275,17.3852,
84,276,20.9786,
84,277,7.86844,
84,278,7.75162,
84,279,10.399,
84,281,58.9265,
84,284,56.6329,
84,287,10.2821,
84,292,29.7863,
84,293,9.62262,
84,294,8.29048,
84,304,19.6734,
84,309,68.3768,
84,312,20.4205,
84,313,540.998,
84,319,385.423,
84,320,12.0431,
84,323,14.7221,
84,327,23.2374,
84,330,11.0556,
84,331,82.0819,
84,333,106.959,
84,334,37.5127,
84,336,11.2012,
84,341,24.9716,
84,344,497.687,
84,345,14.488,
84,346,6.61584,
84,347,21.2375,
84,351,10.5376,
84,355,9.08188,
84,357,9.29128,
84,358,5.39105,
84,361,7.55441,
84,364,14.3439,
84,365,11.5465,
84,366,6.85848,
84,368,8.06752,
84,369,5.85158,
84,372,18.8115,
84,373,7.30711,
84,374,5.15271,
84,376,21.0024,
84,381,7.82804,
84,382,34.6897,
84,383,55.3063,
84,384,30.5181,
84,385,106.113,
84,387,50.4823,
84,388,14.7125,
84,389,7.02519,
84,390,7.46284,
85,99,5.41577,
85,110,6.09931,
85,114,10.495,
85,141,17.2306,
85,200,18.3999,
85,214,6.32719,
85,243,8.36368,
85,283,34.1518,
85,349,5.15723,
85,351,5.07212,
86,98,21.5923,
86,99,5.33671,
86,105,8.08881,
86,107,9.12928,
86,111,5.18002,
86,113,6.3476,
86,116,21.3873,
86,119,10.156,
86,121,15.3167,
86,124,9.37663,
86,125,29.8186,
86,126,6.10698,
86,139,10.6234,
86,155,28.7797,
86,159,5.0738,
86,171,18.5501,
86,196,26.4705,
86,207,30.3216,
86,223,6.05538,
86,231,9.82831,
86,255,50.6127,
86,257,81.7802,
86,278,25.3777,
86,284,7.56255,
86,348,24.6897,
86,384,6.77965,
86,386,5.67507,
87,178,5.33562,
87,243,13.0927,
89,119,29.6272,
89,123,5.35856,
89,129,5.18816,
89,137,150.743,
89,141,5.48839,
89,152,5.37222,
89,164,25.398,
89,178,14.4848,
89,226,6.04905,
89,243,6.14239,
89,245,565.227,
89,249,5.11808,
89,251,8.67689,
89,252,5.64627,
89,268,5.25248,
89,272,14.5764,
89,295,45.4986,
89,324,7.01134,
89,326,19.8555,
90,94,16.512,
90,95,21.0338,
90,119,102.222,
90,185,21.0713,
90,188,18.1582,
90,212,27.9021,
90,235,69.6757,
90,252,31.0038,
90,260,9.1839,
90,283,5.13865,
90,296,5.97441,
90,317,10.9559,
90,326,11.1947,
90,354,10.4596,
90,389,6.13754,
91,103,5.52533,
91,111,5.99311,
91,112,24.9116,
91,124,15.3693,
91,138,19.8708,
91,141,9.78695,
91,147,7.80302,
91,155,5.14468,
91,158,8.63311,
91,228,20.9685,
91,255,26.1602,
91,259,10.5104,
91,298,9.81893,
91,313,14.1664,
91,334,47.8695,
91,336,7.29254,
91,340,17.4191,
91,348,1099.06,
91,362,24.2598,
91,364,50.1959,
91,381,11.9845,
91,382,7.00427,
92,99,5.16153,
92,109,5.56882,
92,128,7.74486,
92,158,46.7939,
92,180,5.31822,
92,188,9.82978,
92,196,7.64282,
92,216,5.62456,
92,227,14.3467,
92,247,8.34958,
92,283,10.5555,
92,284,10.8771,
92,298,10.6787,
92,313,15.6558,
92,346,5.24081,
92,347,6.94596,
92,367,5.19565,
92,389,13.3428,
93,124,7.20912,
93,205,14.7808,
93,212,13.9556,
93,221,6.7685,
93,223,10.5003,
93,270,10.0899,
93,292,13.9437,
93,305,6.76144,
93,330,961.686,
94,108,33.5365,
94,115,6.26567,
94,134,10.1092,
94,149,6.34007,
94,211,6.80456,
94,225,28.7857,
94,243,9.75912,
94,245,12.9834,
94,260,11.7112,
94,263,5.05155,
94,298,5.13663,
94,301,5.56108,
94,317,5.05292,
94,324,102.207,
94,339,17.6811,
94,348,15.6143,
94,360,19.241,
94,374,8.2309,
95,108,24.2596,
95,114,12.9108,
95,123,5.51521,
95,167,84.5405,
95,179,26.4497,
95,180,5.66289,
95,196,6.18714,
95,220,10.5318,
95,245,27.7679,
95,252,58.2215,
95,255,6.90718,
95,260,9.89669,
95,270,6.45261,
95,271,31.7476,
95,281,52.9211,
95,282,7.97568,
95,283,37.9121,
95,287,15.378,
95,293,7.21382,
95,296,16.0227,
95,298,14.9264,
95,317,61.9734,
95,326,12.6684,
95,331,6.27631,
95,335,21.7632,
95,345,8.4977,
95,349,29.9625,
95,353,15.4681,
95,363,8.70232,
96,115,34.3593,
96,150,13.3655,
96,158,10.2371,
96,188,17.9955,
96,210,8.1812,
96,259,5.49089,
96,265,7.3181,
96,283,21.1671,
96,298,50.0982,
96,310,5.11749,
96,380,21.163,
96,389,5.0252,
97,103,6.88935,
97,150,6.96518,
97,164,11.261,
97,196,13.6285,
97,199,17.0124,
97,220,6.23627,
97,230,19.4196,
97,235,12.6039,
97,252,14.7881,
97,283,17.5529,
97,291,7.28511,
97,305,6.81995,
97,318,7.48682,
97,324,5.70633,
97,326,5.28451,
97,383,6.14359,
98,120,5.92834,
98,138,10.711,
98,141,20.8622,
98,150,56.2664,
98,158,13.1289,
98,175,11.5946,
98,184,9.27607,
98,194,7.51433,
98,219,8.98983,
98,252,42.2236,
98,259,87.7194,
98,270,6.59576,
98,284,5.69161,
98,315,20.1241,
98,330,27.6903,
98,350,16.2342,
99,108,5.18072,
99,111,5.57658,
99,146,9.2097,
99,147,18.2851,
99,151,13.0881,
99,166,17.9093,
99,174,6.82102,
99,175,8.12968,
99,179,34.2312,
99,191,9.09724,
99,192,6.21021,
99,194,7.56811,
99,201,17.4673,
99,216,29.1529,
99,221,5.88271,
99,230,8.26699,
99,231,23.5837,
99,266,6.95526,
99,276,6.9338,
99,278,15.4164,
99,285,20.3632,
99,318,28.0265,
99,319,5.04835,
99,326,11.4257,
99,330,21.8246,
99,332,6.99567,
99,346,5.18476,
99,354,5.85965,
99,355,5.04065,
99,379,5.11349,
100,108,370.659,
100,118,5.95325,
100,119,5.61762,
100,124,5.49175,
100,196,17.6471,
100,205,5.90839,
100,211,10.2357,
100,228,80.7577,
100,243,5.01355,
100,264,5.59848,
100,270,7.02418,
100,283,7.75408,
100,305,5.71533,
100,312,18.1678,
100,366,9.32683,
100,372,21.0556,
101,107,44.2821,
101,113,5.46302,
101,116,6.36398,
101,130,8.67582,
101,139,26.4365,
101,141,7.65912,
101,145,6.50808,
101,148,61.329,
101,159,9.37043,
101,181,5.63028,
101,183,5.1798,
101,304,6.15799,
101,306,25.8066,
101,307,30.8961,
101,373,12.5056,
101,384,9.12242,
102,107,19.4034,
102,181,23.5293,
102,183,13.4477,
102,197,14.7268,
102,253,8.34945,
102,255,16.7995,
102,280,7.40448,
102,381,15.1036,
102,387,25.7616,
102,388,5.73242,
103,120,5.7071,
103,125,10.2706,
103,126,5.21815,
103,138,37.3032,
103,141,78.4642,
103,142,72.3958,
103,150,17.484,
103,160,26.2236,
103,175,7.4409,
103,192,6.76786,
103,194,6.17954,
103,216,28.9062,
103,227,13.4859,
103,232,66.4213,
103,234,65.4851,
103,261,18.6306,
103,266,5.42664,
103,274,9.51908,
103,275,5.1996,
103,278,5.89611,
103,284,14.527,
103,296,9.922,
103,297,9.82839,
103,298,5.70737,
103,318,9.53033,
103,334,19.8163,
103,354,11.1939,
103,355,9.98164,
103,360,19.9993,
103,362,12.7375,
103,365,6.74648,
103,367,70.6976,
103,374,7.30938,
105,116,5.20198,
105,146,5.03989,
105,158,126.681,
105,187,10.9201,
105,188,6.10026,
105,194,17.1772,
105,197,55.6874,
105,315,12.0658,
105,381,29.4603,
105,388,5.39209,
106,115,9.47609,
106,119,23.9383,
106,123,5.49866,
106,134,12.2088,
106,150,16.6492,
106,157,41.0821,
106,180,8.9299,
106,188,17.961,
106,194,8.09132,
106,196,7.40348,
106,201,8.28274,
106,202,5.12953,
106,212,5.16813,
106,215,8.01921,
106,216,29.2505,
106,232,10.5,
106,234,7.42842,
106,244,44.3783,
106,258,9.69693,
106,272,33.808,
106,274,16.4383,
106,276,23.9493,
106,287,7.45769,
106,292,26.6091,
106,293,12.0811,
106,294,6.26262,
106,301,47.9034,
106,333,8.80804,
106,339,21.9437,
106,340,5.95697,
106,346,21.9241,
106,354,8.80265,
106,355,16.5924,
106,357,5.36604,
106,358,9.25372,
106,365,6.68416,
106,370,6.90703,
106,377,5.05538,
106,382,17.8685,
106,386,8.24098,
106,389,5.93909,
107,112,15.3784,
107,121,12.8106,
107,122,6.7158,
107,126,16.2613,
107,130,6.9995,
107,148,6.60503,
107,151,19.8621,
107,175,14.2421,
107,177,8.77011,
107,181,31.0635,
107,183,6.4442,
107,185,18.5395,
107,194,80.3869,
107,197,7.76187,
107,198,5.97635,
107,207,31.8588,
107,224,47.0027,
107,246,24.2402,
107,284,5.88049,
107,287,38.4939,
107,296,93.7232,
107,314,24.4847,
107,319,10.2436,
107,387,12.756,
107,388,12.2567,
108,110,5.51151,
108,127,11.7388,
108,144,331.412,
108,155,12.9775,
108,164,5.84027,
108,173,5.77825,
108,176,10.5646,
108,179,9.01948,
108,186,8.51315,
108,190,5.5405,
108,193,19.7147,
108,203,78.6065,
108,220,9.40886,
108,225,91.3987,
108,226,5.08148,
108,246,8.00887,
108,251,11.4561,
108,265,25.9865,
108,267,6.98365,
108,273,5.95891,
108,275,52.8612,
108,282,7.23558,
108,284,5.69565,
108,288,14.1704,
108,289,14.9724,
108,291,6.13612,
108,310,10.9386,
108,316,5.14821,
108,328,21.9452,
108,338,14.4133,
108,346,8.80892,
108,349,7.65176,
108,352,9.76422,
108,358,17.5317,
108,362,41.9894,
108,363,5.18296,
108,369,100.568,
108,373,82.7057,
108,375,17.9022,
109,142,5.35755,
109,175,27.8823,
109,203,9.73695,
109,206,9.54764,
109,207,5.34477,
109,210,5.63161,
109,228,6.12202,
109,232,6.92487,
109,233,21.485,
109,234,59.4109,
109,270,5.71552,
109,283,6.37393,
109,284,5.98631,
109,298,9.35225,
109,304,6.11988,
109,313,8.9959,
109,318,6.85418,
109,322,15.1916,
109,348,25.6397,
109,350,51.0104,
109,362,12.6993,
109,365,5.86889,
110,119,7.12982,
110,129,669.775,
110,169,7.63159,
110,172,5.84086,
110,176,6.12153,
110,214,15.6938,
110,226,9.7165,
110,230,5.94004,
110,258,7.63417,
110,263,15.791,
110,286,6.96516,
110,289,13.7182,
110,291,28.0912,
110,295,5.66085,
110,301,2198.23,
110,309,18.3211,
110,310,6.75586,
110,321,19.7345,
110,326,6.14588,
110,338,13.3537,
110,373,5.35975,
111,126,5.8973,
111,128,13.0485,
111,149,8.95268,
111,153,45.5306,
111,177,42.4143,
111,194,10.6567,
111,214,6.43688,
111,261,5.32748,
111,270,19.7783,
111,280,9.08181,
111,284,5.54342,
111,388,5.29648,
112,125,23.51,
112,126,64.5091,
112,139,11.7578,
112,157,6.46529,
112,167,7.33897,
112,174,9.53486,
112,188,13.1136,
112,191,8.69077,
112,228,5.37789,
112,278,18.808,
112,279,895.504,
112,292,7.7118,
112,313,59.554,
112,329,12.6498,
112,348,6.31743,
112,355,13.5182,
112,362,5.74066,
112,365,10.2004,
112,378,10.1982,
113,197,5.3399,
113,234,28.5112,
113,255,6.30285,
113,280,17.2405,
113,365,8.69383,
113,388,5.32049,
114,115,9.59652,
114,123,17.3429,
114,133,11.3155,
114,134,64.5293,
114,138,5.37183,
114,142,6.05584,
114,159,27.3426,
114,160,91.7826,
114,171,79.463,
114,172,1069.12,
114,176,16.5938,
114,179,14.2681,
114,185,5.3541,
114,190,6.41633,
114,196,6.08726,
114,206,13.3284,
114,207,6.26782,
114,210,6.10091,
114,211,7.62787,
114,212,6.69691,
114,216,225.176,
114,227,5.99268,
114,228,21.3236,
114,230,20.4941,
114,234,17.5327,
114,235,5.10135,
114,237,24.9544,
114,238,6.80121,
114,242,5.85975,
114,249,5.25624,
114,250,6.37621,
114,260,21.7719,
114,270,7.48652,
114,274,5.94641,
114,275,6.22685,
114,276,12.4717,
114,279,9.19609,
114,282,15.5676,
114,286,50.9169,
114,289,7.27349,
114,292,8.07796,
114,293,5.29359,
114,298,5.37055,
114,303,5.00809,
114,306,11.4366,
114,316,12.1974,
114,320,5.11369,
114,325,20.1602,
114,326,15.4057,
114,332,6.87725,
114,336,118.831,
114,338,10.0394,
114,345,5.80353,
114,347,12.5642,
114,350,6.16284,
114,352,23.6694,
114,353,8.54476,
114,354,7.67065,
114,362,7.22998,
114,366,5.90892,
114,369,36.6878,
114,370,23.2898,
114,373,7.44121,
114,376,19.1836,
114,377,5.59454,
114,379,55.9408,
114,380,5.66872,
114,382,13.9966,
114,385,5.38912,
115,118,30.8408,
115,123,12.1747,
115,124,29.1552,
115,127,31.2655,
115,129,9.97521,
115,135,11.3405,
115,168,6.03536,
115,180,10.894,
115,188,6.71471,
115,190,9.16051,
115,194,7.56914,
115,204,20.3248,
115,212,13.271,
115,220,6.6959,
115,221,8.62581,
115,242,85.4843,
115,247,63.325,
115,248,13.7755,
115,249,8.45403,
115,267,5.62723,
115,272,8.50389,
115,276,5.79149,
115,284,5.88324,
115,288,7.74733,
115,295,5.64018,
115,305,30.9953,
115,330,5.1226,
115,340,10.0597,
115,346,11.2303,
115,358,11.5451,
115,359,7.08945,
115,363,5.17995,
115,379,5.05982,
115,387,6.24432,
116,130,14.2611,
116,139,6.91384,
116,148,9.72084,
116,151,38.7328,
116,153,31.8887,
116,187,8.33553,
116,192,6.74839,
116,198,152.355,
116,216,31.2016,
116,233,63.6455,
116,280,10.1097,
116,307,6.45685,
116,318,174.474,
116,319,74.4363,
116,386,12.5261,
117,127,71.052,
117,243,95.3692,
117,317,12.8342,
118,119,11.2447,
118,149,9.74598,
118,153,7.05945,
118,188,7.97163,
118,190,5.35926,
118,244,5.2595,
118,247,7.08573,
118,250,13.6663,
118,255,7.99857,
118,265,9.36056,
118,271,16.0171,
118,279,63.1381,
118,283,16.9599,
118,305,8.66213,
118,326,6.20181,
118,350,13.6109,
118,351,8.73671,
118,369,5.47684,
118,381,9.44621,
119,123,13.1676,
119,124,19.0933,
119,125,6.0175,
119,126,5.02902,
119,127,10.3972,
119,138,8.41424,
119,155,28.4768,
119,164,7.26005,
119,167,7.47945,
119,168,26.5978,
119,176,5.85956,
119,177,19.7243,
119,180,38.3461,
119,184,10.1434,
119,188,116.364,
119,190,5.46409,
119,199,5.52969,
119,203,114.468,
119,206,5.35275,
119,208,53.7662,
119,213,48.1844,
119,221,7.41707,
119,227,5.73577,
119,239,6.84223,
119,240,8.54902,
119,245,5.45526,
119,247,10.6514,
119,248,18.3384,
119,252,6.60477,
119,258,10.207,
119,261,18.248,
119,267,5.87827,
119,281,18.2314,
119,284,6.41957,
119,299,94.4594,
119,305,155.772,
119,310,7.88465,
119,317,8.91344,
119,320,6.24331,
119,332,5.90309,
119,335,5.18724,
119,338,29.0824,
119,340,11.4557,
119,347,11.8921,
119,355,5.21867,
119,358,7.28883,
119,361,14.3125,
119,363,8.38924,
119,372,5.66575,
119,378,22.9254,
119,383,5.29691,
119,387,47.9537,
120,130,39.8962,
120,153,40.5781,
120,160,6.09383,
120,252,6.02659,
120,253,7.69259,
120,255,5.2657,
120,257,28.8047,
120,261,14.2211,
120,264,8.79131,
120,277,6.4327,
120,355,7.42808,
120,387,69.8854,
120,388,5.40274,
121,148,5.65711,
121,153,5.07966,
121,155,14.1009,
121,185,62.1816,
121,192,547.983,
121,207,8.81836,
121,218,5.93017,
121,230,25.0307,
121,246,10.7354,
121,252,6.36044,
121,259,8.81252,
121,274,6.32177,
121,284,47.7492,
121,305,15.9222,
121,307,5.40086,
121,315,8.33374,
121,361,10.9004,
121,384,5.06044,
121,386,5.74992,
122,186,8.46496,
122,216,5.32237,
122,287,7.08745,
122,313,7.73641,
122,322,31.1128,
122,326,9.92033,
122,334,16.5195,
122,348,9.22624,
122,386,12.8022,
123,129,8.5414,
123,141,5.24041,
123,168,8.58295,
123,176,7.70698,
123,207,8.59755,
123,212,6.8563,
123,237,7.74906,
123,245,6.83026,
123,249,11.4214,
123,262,5.03322,
123,270,8.4313,
123,282,68.7764,
123,286,26.2786,
123,294,68.7137,
123,297,7.87457,
123,298,10.4483,
123,306,6.70871,
123,324,1069.79,
123,325,9.35416,
123,332,44.2164,
123,333,10.9842,
123,337,8.62376,
123,340,50.6718,
123,347,5.04515,
123,352,10.3633,
123,353,6.62548,
123,362,6.36084,
123,366,12.744,
123,371,24.2477,
123,376,10.2836,
123,379,7.53894,
124,134,98.3362,
124,141,5.36779,
124,142,10.9499,
124,146,18.5814,
124,160,20.0634,
124,175,5.15201,
124,184,7.91084,
124,191,10.6614,
124,196,14.2467,
124,201,11.2453,
124,203,5.53909,
124,206,12.8039,
124,208,6.47096,
124,216,7.3916,
124,221,10.255,
124,228,8.05829,
124,229,14.6312,
124,233,10.1991,
124,241,21.3321,
124,254,6.69733,
124,255,18.26,
124,270,5.63254,
124,275,19.2861,
124,278,110.095,
124,283,30.1219,
124,292,13.2371,
124,293,8.78808,
124,294,8.43133,
124,296,53.8494,
124,297,30.3852,
124,313,5.16067,
124,315,22.5488,
124,316,5.28345,
124,330,6.90592,
124,339,12.0547,
124,341,6.66887,
124,350,23.1589,
124,353,10.5791,
124,356,7.74829,
124,357,7.95606,
124,363,5.21712,
124,369,19.8662,
124,389,7.20049,
125,142,6.96532,
125,155,10.8091,
125,158,5.05488,
125,185,22.8142,
125,194,22.408,
125,206,5.4204,
125,216,64.1192,
125,228,12.1319,
125,255,7.80975,
125,284,367.242,
125,287,8.07685,
125,294,160.411,
125,296,6.83229,
125,349,130.11,
125,355,6.97364,
125,357,5.73746,
126,131,66.0068,
126,132,7.64241,
126,149,7.49396,
126,153,5.65366,
126,157,13.7992,
126,158,20.3941,
126,163,8.63108,
126,180,11.1898,
126,202,6.75591,
126,204,8.71609,
126,208,21.014,
126,218,18.2029,
126,222,8.60998,
126,226,25.2459,
126,309,5.20717,
126,311,13.6329,
126,332,56.6899,
126,340,16.2967,
126,346,10273,
126,347,7.64022,
126,351,15.2225,
126,356,34.0572,
126,367,9.28955,
126,372,5.38199,
126,381,5.14869,
127,132,5.54759,
127,135,9.27906,
127,141,34.4741,
127,151,8.31433,
127,166,22.4697,
127,172,9.19036,
127,202,10.1024,
127,235,6.35456,
127,243,15.2895,
127,268,10.9963,
127,272,15.0589,
127,294,5.24326,
127,309,28.9451,
127,326,8.33659,
127,351,6.18839,
127,359,5.20959,
127,367,189.526,
127,381,83.0617,
128,141,40.1578,
128,147,7.03381,
128,175,8.06012,
128,188,6.87883,
128,203,106.4,
128,221,7.86764,
128,229,13.3646,
128,232,6.42639,
128,234,8.36781,
128,267,5.89651,
128,270,6.63889,
128,272,9.00583,
128,292,15.3267,
128,294,9.5384,
128,313,5.67645,
128,316,23.3221,
128,322,6.68995,
128,323,5.08584,
128,325,8.41788,
128,331,31.0835,
128,336,8.5919,
128,339,7.33797,
128,345,6.47168,
128,354,357.902,
128,358,21.5026,
128,360,5.21585,
128,361,5.45318,
128,370,15.2521,
128,380,15.6122,
129,133,10.097,
129,171,33.8614,
129,173,7.84199,
129,179,7.80196,
129,180,13.3757,
129,220,29.4339,
129,234,122.54,
129,235,9.76709,
129,238,7.9069,
129,248,46.9555,
129,281,5.98177,
129,283,9.24601,
129,291,5.13064,
129,293,57.7728,
129,305,9.18569,
129,326,30.2012,
129,330,19.3729,
129,338,5.85615,
129,353,11.1239,
129,362,6.95671,
129,367,335.085,
129,376,4700.88,
129,380,9.11875,
130,141,15.7303,
130,143,35.357,
130,153,5.19138,
130,154,12.3565,
130,161,10.7155,
130,183,19.7525,
130,192,5.14722,
130,211,5.44345,
130,216,13.9758,
130,307,8.24477,
130,319,7.08327,
130,386,76.4945,
131,132,27.4367,
131,141,8.24424,
131,169,16.1802,
131,179,8.52153,
131,240,6.25108,
131,267,7.82675,
131,272,40.9178,
131,301,15.4948,
131,302,14.2535,
131,326,58.5898,
131,358,22.7291,
131,366,14.7368,
132,133,17.8188,
132,141,18.1377,
132,220,5.55447,
132,226,66.6036,
132,238,9.50173,
132,248,7.40962,
132,260,6.16934,
132,283,9.79927,
132,286,5.31056,
132,291,9.27859,
132,310,5.81577,
132,317,5.82175,
132,338,5.61971,
132,351,6.05555,
133,163,5.40379,
133,172,19.6932,
133,211,8.67793,
133,271,5.28421,
133,330,32.3275,
133,349,7.64262,
133,372,97.9994,
134,162,7.2821,
134,188,204.729,
134,196,5.11144,
134,208,12.7042,
134,252,5.73958,
134,255,175.863,
134,283,6.40586,
134,298,11.8522,
134,305,6.00859,
134,326,5.00547,
134,339,23.9841,
134,389,13.7554,
135,144,8.01232,
135,163,350.752,
135,176,7.50057,
135,178,10.6564,
135,186,5.22535,
135,193,9.24341,
135,243,11.029,
135,244,9.06937,
135,317,8.41517,
135,324,10.1843,
135,326,1500.7,
135,345,103.203,
135,367,12.9954,
135,373,6.86346,
136,141,7.54505,
136,167,11.4799,
136,188,5.67715,
136,210,5.38645,
136,232,67.1446,
136,274,11.1755,
136,283,50.247,
136,284,7.4917,
136,298,32.1337,
136,305,12.0114,
136,336,8.99202,
136,355,5.37176,
136,382,12.3826,
137,141,9.77636,
137,213,90.8657,
137,240,10.3144,
138,151,29.2446,
138,153,6.32895,
138,170,8.13301,
138,174,19.0497,
138,177,5.50577,
138,191,39.4401,
138,196,6.64462,
138,201,5.46557,
138,205,10.4283,
138,216,29.86,
138,219,65.1593,
138,231,12.6135,
138,234,7.59843,
138,255,15.8236,
138,257,6.63088,
138,270,8.08822,
138,278,9.62197,
138,287,29.9041,
138,294,9.03525,
138,296,15.3074,
138,307,7.66469,
138,312,5.98624,
138,313,10.8606,
138,319,64.8478,
138,334,12.7112,
138,362,44.2272,
138,365,5.26829,
138,381,7.82068,
139,153,14.5509,
139,154,10.8379,
139,216,10.2089,
139,224,6.17158,
139,386,84.9942,
139,388,23.1677,
140,216,288.079,
140,252,9.39071,
140,287,9.40858,
140,292,5.55418,
140,322,8.53033,
140,370,31.3678,
140,386,5.69409,
141,144,10.2699,
141,150,79.9036,
141,163,31.5709,
141,169,5.71173,
141,178,12.8137,
141,194,9.38879,
141,199,5.22137,
141,213,18.9818,
141,214,85.4558,
141,220,16.0423,
141,225,124.145,
141,226,773.525,
141,248,21.5799,
141,250,33.7613,
141,258,60.4191,
141,281,8.95831,
141,282,59.8823,
141,284,5.40317,
141,286,26.0102,
141,290,6.74315,
141,291,72.3099,
141,295,8.68408,
141,297,5.2384,
141,299,16.5525,
141,300,9.50891,
141,302,10.7371,
141,305,30.976,
141,309,16.3783,
141,311,53.4557,
141,316,386.063,
141,321,6.73887,
141,322,5.16993,
141,325,48.5511,
141,330,34.5766,
141,331,18.5413,
141,339,6.09218,
141,345,7.32183,
141,349,5.73921,
141,364,24.8182,
141,369,11.2734,
141,372,7.14787,
141,374,7.1448,
141,387,9.58739,
141,390,15.3037,
142,157,13.1236,
142,177,14.9287,
142,182,296.36,
142,188,7.06605,
142,211,24.3116,
142,259,15.4559,
142,264,54.3783,
142,270,7.39683,
142,277,8.83724,
142,284,6.46253,
142,309,5.18655,
142,315,82.7018,
143,160,8.43333,
143,181,10.5046,
143,188,8.4004,
143,307,6.74376,
143,343,6.01129,
144,163,6.15689,
144,166,7.76995,
144,186,10.5198,
144,193,156.1,
144,243,26.7476,
144,249,8.46145,
144,308,14.2586,
144,324,5.06611,
144,326,5.2282,
144,328,8.79465,
145,154,5.09645,
145,181,6.37168,
145,192,39.1052,
145,216,8.08974,
145,280,10.1214,
145,307,14.108,
145,315,37.3056,
145,318,7.70641,
145,334,19.9856,
145,343,13.9402,
145,386,12.894,
146,167,9.37898,
146,208,29.2794,
146,212,5.16367,
146,226,6.15905,
146,248,7.3543,
146,252,5.06836,
146,258,10.6857,
146,284,7.98709,
146,293,12.1317,
146,326,42.8581,
146,330,11.1019,
146,385,14.2264,
147,185,7.69938,
147,188,5.13051,
147,191,6.72933,
147,248,117.695,
147,252,17.3474,
147,283,10.4493,
147,298,5.49624,
147,326,6.84593,
147,348,13.482,
148,153,5.71684,
148,154,16.007,
148,194,70.5238,
148,280,5.05887,
148,296,226.661,
148,315,36.7073,
148,388,8.9964,
149,226,7.44081,
149,262,10.2144,
149,283,5.98796,
149,288,11.9052,
149,289,8.55908,
149,364,13.6367,
149,377,13.7161,
150,157,13.2893,
150,162,33.3773,
150,164,6.80605,
150,167,8.59041,
150,201,6.66217,
150,204,9.61939,
150,205,17.9029,
150,206,11.3264,
150,208,10.0491,
150,210,17.5704,
150,211,8.63679,
150,221,7.11911,
150,229,27.3738,
150,230,18.8027,
150,232,5.35814,
150,235,10.8922,
150,241,5.56589,
150,243,5.58137,
150,251,7.35397,
150,252,6.60008,
150,257,6.1438,
150,260,20.7252,
150,265,89.3761,
150,273,194.101,
150,278,6.51631,
150,285,7.05532,
150,294,9.47213,
150,304,7.12742,
150,309,15.0792,
150,320,29.8657,
150,323,5.54269,
150,334,7.42428,
150,335,15.6064,
150,336,16.4617,
150,340,10.8648,
150,345,106.18,
150,346,24.8327,
150,354,8.97741,
150,356,8.60836,
150,359,23.5537,
150,361,11.6689,
150,366,23.0387,
150,372,7.62089,
150,389,6.28939,
151,155,9.00824,
151,157,24.5881,
151,159,17.6974,
151,161,17.0982,
151,163,12.3023,
151,188,9.39105,
151,191,25.5497,
151,197,10.1795,
151,220,5.61918,
151,241,7.51792,
151,255,5.89205,
151,260,27.6213,
151,314,12.593,
151,348,12.2079,
151,354,11.696,
151,357,8.22362,
151,366,5.31548,
151,369,5.26841,
151,375,8.56432,
151,388,9.34467,
152,248,11.3912,
152,302,992.435,
152,311,5.20059,
152,326,5.1981,
153,182,73.9655,
153,185,33.742,
153,188,17.6993,
153,191,9.14689,
153,192,8.78109,
153,194,17.0333,
153,196,8.59836,
153,197,8.55389,
153,201,15.7418,
153,207,11.5663,
153,214,6.31679,
153,215,94.0005,
153,255,6.31599,
153,284,8.98633,
153,312,38.2225,
153,315,7.03261,
153,318,6.07996,
153,319,6.86689,
153,333,101.829,
153,388,5.70713,
154,183,45.9114,
154,185,59.2615,
154,188,11.3642,
154,255,5.53477,
154,318,6.45094,
154,386,7.57361,
154,388,7.28507,
155,160,8.62298,
155,170,19.7486,
155,174,57.6342,
155,177,14.055,
155,201,7.73932,
155,248,7.11646,
155,270,10.6593,
155,278,5.083,
155,284,14.3008,
155,298,16.5587,
155,314,6.73494,
155,354,8.22707,
155,360,6.3226,
155,381,8.26391,
156,280,7.68561,
157,167,13.114,
157,182,17.0257,
157,185,43.0888,
157,187,5.26378,
157,191,7.53189,
157,194,18.9386,
157,201,6.15228,
157,206,21.2231,
157,225,7.32114,
157,257,39.4093,
157,261,24.5913,
157,266,583.189,
157,270,6.04337,
157,283,7.61746,
157,284,15.2172,
157,287,7.14937,
157,342,664.888,
157,348,6.18259,
157,360,7.6573,
158,177,5.20355,
158,206,12.9053,
158,208,5.64408,
158,220,35.3201,
158,252,7.21237,
158,264,5.109,
158,312,6.61127,
158,315,23.1793,
158,334,11.7086,
158,360,18.5714,
158,383,20.5502,
159,183,5.72713,
159,188,5.54055,
159,192,12.5357,
159,206,7.65079,
159,232,33.5965,
159,296,42.0937,
159,307,8.50671,
159,315,62.9193,
159,319,7.79034,
159,388,8.52074,
160,216,52.8374,
160,233,57.5858,
160,243,284.613,
160,254,5.1703,
160,265,25.9188,
160,277,5.5637,
160,284,8.00903,
160,297,5.14244,
160,312,5.27842,
160,334,5.55589,
160,340,13.3423,
160,357,6.80732,
160,361,9.78008,
160,375,5.48909,
160,387,122.622,
160,389,6.97344,
161,181,26.262,
161,194,6.47172,
161,195,29.3568,
161,197,7.59804,
161,246,27.8715,
161,315,6.68311,
161,343,5.49563,
161,362,21.4999,
162,164,24.5133,
162,167,13.6836,
162,180,9.9951,
162,194,9.98353,
162,196,16.5482,
162,203,10.8522,
162,220,72.9932,
162,270,46.632,
162,285,10.7895,
162,305,7.33112,
162,326,13.736,
162,345,5.58717,
162,367,5.54802,
162,370,6.39575,
162,372,6.03368,
162,381,103.984,
163,172,11.0054,
163,243,15.8956,
163,260,34.9565,
163,268,5.91081,
163,310,24.2414,
163,311,16.249,
163,338,7.64491,
164,165,5.15691,
164,188,56.548,
164,196,7.36277,
164,214,5.25036,
164,220,51.2465,
164,230,8.6903,
164,252,14.9675,
164,258,11.3945,
164,262,36.1957,
164,281,5.95914,
164,283,7.12578,
164,293,11.4803,
164,309,11.1603,
164,333,217.64,
164,337,5.3619,
164,363,5.01309,
164,369,15.5887,
164,373,5.08308,
164,385,34.4298,
165,211,7.96154,
165,283,30.6495,
165,298,12.4112,
165,326,11.6348,
165,353,6.08923,
165,358,16.7574,
165,364,12.2555,
166,193,19.906,
166,302,9.17205,
166,363,52.6332,
166,390,39.8509,
167,182,6.48429,
167,188,11.9404,
167,194,6.07959,
167,204,19.6872,
167,215,6.37964,
167,220,8.23125,
167,228,9.28472,
167,236,5.67931,
167,255,8.05066,
167,259,6.67771,
167,310,5.14801,
167,313,6.19315,
167,314,10.7398,
167,323,5.32008,
167,339,47.525,
167,346,35.0225,
167,361,6.13324,
167,375,41.4543,
167,376,6.21296,
167,379,23.5894,
167,381,13.5928,
167,385,15.1155,
167,387,7.20239,
168,227,116.57,
168,248,24.7839,
168,283,24.2907,
168,287,12.4659,
168,298,20.0155,
168,316,26.9205,
168,348,39.2079,
168,380,11.1117,
168,390,7.54562,
169,199,24.8686,
169,220,10.0768,
169,221,25.3743,
169,230,5.23384,
169,239,6.41771,
169,248,22.282,
169,283,10.5495,
169,285,14.9785,
169,310,12.691,
169,317,10.0681,
169,326,5.86461,
169,353,19.6227,
170,180,11.5018,
170,194,12.2583,
170,206,5.08416,
170,255,10.5379,
170,261,7.48091,
170,284,10.6259,
170,298,74.9404,
170,326,11.2483,
170,360,24.36,
170,361,31.3179,
170,386,3999.27,
171,188,32.9655,
171,194,11.7295,
171,214,6.04285,
171,245,5.54875,
171,248,5.12502,
171,258,19.4965,
171,261,6.54008,
171,263,11.5112,
171,270,5.52464,
171,278,10.1464,
171,284,7.12695,
171,289,149.72,
171,294,24.5019,
171,305,1849.74,
171,327,8.12011,
171,334,17.1331,
171,340,7.60271,
171,349,7.46134,
171,351,7.68619,
171,361,14.4264,
171,367,5.07533,
171,372,53.9826,
171,375,7.40761,
171,388,5.61139,
172,196,41.9838,
172,243,13.8053,
172,250,41.4031,
172,252,5.36222,
172,265,9.90628,
172,288,7.24885,
172,298,23.4776,
172,309,17.7996,
172,321,9.66662,
172,327,5.01215,
172,337,12.6948,
172,344,8.91156,
172,351,16.618,
172,367,15.0554,
173,235,9.06901,
173,260,6.74179,
174,184,47.6005,
174,205,12.9573,
174,210,9.13383,
174,217,8.67791,
174,259,9.10169,
174,264,12.9622,
174,277,7.80782,
174,278,207.247,
174,284,5.26932,
174,285,6.76991,
174,315,7.40738,
174,322,6.58572,
174,375,12.3211,
174,386,13.2414,
174,387,26.5076,
175,215,10.7763,
175,223,16.2002,
175,253,8.28644,
175,259,5.43341,
175,270,13.2572,
175,284,7.61417,
175,305,29.6501,
175,349,7.3469,
175,372,7.0256,
175,385,5.76588,
176,178,7.07988,
176,186,61.6817,
176,193,8.47265,
176,214,8.52826,
176,243,6.91775,
176,248,8.46635,
176,260,192.155,
176,271,50.2543,
176,310,33.6999,
176,326,5.32867,
176,351,12.2065,
176,358,5.908,
176,364,12.9839,
176,367,13.9704,
176,390,74.5131,
177,194,5.01372,
177,207,10.2265,
177,218,23.3377,
177,254,14.0617,
177,259,20.2909,
177,270,14.5338,
177,284,5.50738,
177,315,7.14757,
177,362,5.41741,
177,384,5.17135,
178,288,22.0913,
178,308,5.01988,
178,310,37.871,
178,328,5.0565,
178,349,8.86914,
178,390,6.62605,
179,182,77.5634,
179,226,7.99639,
179,262,13.9593,
179,281,9.14359,
179,288,11.709,
179,289,8.75903,
179,335,15.6967,
179,337,60.5273,
179,338,52.4032,
179,348,5.75455,
179,349,15.5058,
179,352,5.4161,
180,196,18.5649,
180,203,5.03306,
180,206,5.95054,
180,216,5.43097,
180,225,140.875,
180,229,8.23486,
180,237,10.6387,
180,238,6.09788,
180,239,8.98738,
180,241,11.8821,
180,248,16.8439,
180,251,5.54321,
180,260,77.0283,
180,267,5.28892,
180,272,7.91403,
180,276,5.6823,
180,289,523.877,
180,294,11.016,
180,303,51.0841,
180,309,156.953,
180,325,22.5496,
180,327,5.94817,
180,328,5.21084,
180,335,8.18422,
180,338,5.7775,
180,339,5.29923,
180,345,20.6383,
180,346,9.76335,
180,347,21.6391,
180,358,54.228,
180,363,64.3611,
180,373,80.8691,
180,374,7.27242,
180,376,32.713,
180,379,32.7296,
181,187,9.98952,
181,246,5.90558,
181,307,5.54975,
181,343,20.7872,
181,386,6.2002,
182,196,7.84404,
182,210,23.9599,
182,211,52.7716,
182,253,44.9931,
182,254,7.64293,
182,279,7.54175,
182,320,5.22403,
182,333,10.6015,
182,348,20.4094,
182,376,5.76606,
182,380,5.20538,
183,187,8.87708,
183,198,5.41945,
183,296,10.7809,
183,312,49.3153,
183,315,9.36467,
183,318,383.425,
183,319,5.84803,
184,185,7.33871,
184,188,34.0034,
184,194,5.58962,
184,206,6.58578,
184,274,9.32753,
184,296,5.9458,
184,313,8.55007,
184,333,8.15574,
184,348,15.4012,
184,354,12.8173,
184,360,5.72574,
184,378,28.3529,
184,384,15.7001,
184,388,67.3112,
185,188,13.6447,
185,194,1639.53,
185,207,6.59347,
185,223,16.6832,
185,226,18.5016,
185,228,6.32238,
185,233,1653.64,
185,253,12.2687,
185,261,22.1604,
185,264,5.71894,
185,275,10.7135,
185,283,89.394,
185,287,7.2629,
185,292,12.4218,
185,304,12.7964,
185,314,17.9631,
185,318,5.15819,
185,323,17.6901,
185,334,84.9519,
185,361,6.88845,
185,375,6.61407,
185,376,15.196,
185,379,9.19358,
185,384,12.9919,
185,386,28.3615,
185,387,74.2935,
185,388,16.4906,
186,187,7.60954,
186,204,7.75176,
186,234,5.25283,
186,243,12.0221,
186,248,8.7962,
186,259,8.26609,
186,263,6.89724,
186,265,6.21576,
186,310,8.31557,
186,318,18.7017,
186,345,27.1745,
186,349,25.6282,
186,356,20.1042,
186,367,9.44658,
186,374,9.56754,
186,379,6.18212,
187,197,20.0428,
187,311,35.072,
187,315,13.9615,
187,388,6.1437,
188,191,9.42665,
188,196,26.7092,
188,201,7.98423,
188,203,15.9622,
188,205,5.46986,
188,206,5.94062,
188,207,6.04936,
188,208,13.3928,
188,210,44.6777,
188,211,6.63887,
188,215,58.1994,
188,216,23.7555,
188,217,5.97822,
188,223,6.76449,
188,225,20.1442,
188,247,5.06796,
188,250,5.45682,
188,251,8.12932,
188,254,13.9702,
188,270,7.4821,
188,272,7.39189,
188,273,6.9636,
188,274,9.52284,
188,275,5.66857,
188,276,7.74846,
188,292,25.805,
188,293,10.0884,
188,294,7.30929,
188,297,21.2265,
188,298,17.8777,
188,307,12.1162,
188,313,16.0085,
188,316,18.7467,
188,326,21.1519,
188,331,5.17253,
188,333,5.18358,
188,334,6.78965,
188,341,10.7619,
188,345,12.5749,
188,348,11.7188,
188,353,5.37588,
188,354,104.507,
188,356,5.65602,
188,357,9.18911,
188,362,7.67904,
188,363,6.1429,
188,370,8.87916,
188,374,834.209,
188,377,69.4279,
188,383,16.4424,
188,385,82.3468,
190,196,7.06648,
190,230,14.6415,
190,239,43.014,
190,243,6.56412,
190,252,9.53435,
190,278,21.5529,
190,285,25.0762,
190,317,10.4485,
190,324,16.2421,
190,326,14.6338,
190,330,7.95401,
190,331,20.0881,
190,332,43.4881,
190,338,12.4063,
190,345,123.875,
190,351,10.1897,
190,366,24.8206,
191,215,5.85647,
191,261,6.39387,
191,270,9241.57,
191,277,6.54883,
191,315,6.87192,
191,336,68.346,
191,365,9.38799,
192,233,7.05568,
192,234,9.03171,
192,253,10.8727,
192,255,5.87705,
192,315,18.001,
192,365,10.8084,
192,388,10.3033,
193,213,8.3145,
193,240,5.03882,
193,295,7.48162,
193,308,9.84926,
193,328,6.63188,
193,349,5.10921,
194,198,7.07318,
194,201,5.69964,
194,202,504.778,
194,204,5.20711,
194,205,28.0097,
194,210,6.40187,
194,211,12.6364,
194,218,11.652,
194,223,36.8281,
194,233,7.96929,
194,253,7.2674,
194,255,6.24269,
194,265,17.3517,
194,266,5.34941,
194,270,5.76764,
194,278,6.45276,
194,285,82.8662,
194,287,6.33756,
194,294,318.337,
194,304,13.532,
194,305,5.58887,
194,307,5.15018,
194,309,28.2096,
194,317,7.80752,
194,319,7.35639,
194,320,7.8444,
194,323,6.71288,
194,329,51.4764,
194,331,7.69344,
194,334,6.31159,
194,340,33.4267,
194,356,8.29321,
194,361,50.2258,
194,364,10.3766,
194,382,12.4518,
194,383,10.0968,
194,386,16.1048,
195,246,5.94853,
195,343,5.15739,
196,204,41.3311,
196,205,5.08792,
196,213,19.8442,
196,220,7.93376,
196,228,18.3571,
196,232,8.09914,
196,234,68.3162,
196,242,9.46449,
196,243,6.10256,
196,248,8.58202,
196,252,14.0822,
196,259,20.7477,
196,262,12.8509,
196,264,6.62207,
196,270,7.75389,
196,274,13.4612,
196,279,15.7379,
196,284,9.88421,
196,293,15.4407,
196,298,10.2017,
196,304,6.04466,
196,309,32.5819,
196,310,20.819,
196,336,25.1023,
196,337,5.07351,
196,350,16.3628,
196,352,6.37766,
196,362,10.0569,
196,363,5.44011,
196,367,6.20574,
196,377,14.3773,
196,379,31.5255,
197,253,8.68907,
197,307,8.33443,
197,315,7.69921,
197,318,5.65501,
197,343,6.68173,
198,253,19.2301,
198,307,6.24555,
198,318,6.56399,
199,235,9.89615,
199,237,25.435,
199,238,15.2727,
199,241,13.3559,
199,243,8.53882,
199,269,11.6732,
199,309,12.1934,
199,321,21.5907,
199,349,14.9651,
199,351,19.5525,
199,352,15.042,
199,359,31.2355,
199,376,7.05694,
199,379,7.30791,
199,390,10.3276,
200,213,10.8713,
200,300,18.5475,
200,311,13.0735,
200,317,18.055,
200,324,7.57547,
200,339,5.0789,
201,208,42.4138,
201,219,14.3526,
201,221,19.6033,
201,226,11.4081,
201,233,12.0195,
201,293,8.29315,
201,313,23.8762,
201,341,8.44099,
201,346,7.60128,
201,347,5.11628,
201,350,5.0298,
201,386,7.28437,
201,387,137.995,
201,388,28.3988,
202,203,10.3028,
202,210,16.2885,
202,216,26.5153,
202,262,173.215,
202,283,20.275,
202,326,5.71108,
203,242,46.3475,
203,270,7.77461,
203,326,29.8134,
203,348,10.8519,
203,379,16.2282,
204,211,6.73605,
204,252,26.7698,
204,283,10.5727,
204,298,19.2683,
204,305,5.23884,
204,311,13.7933,
204,348,5.60555,
204,357,5.26934,
204,363,11.0518,
204,372,102.769,
205,216,11.1747,
205,218,595.945,
205,227,70.786,
205,261,9.58346,
205,262,6.90825,
205,263,9.13207,
205,271,17.6323,
205,281,7.88279,
205,284,157.393,
205,340,14.4226,
205,354,5.77101,
205,372,6.86755,
205,374,7.00046,
205,386,900.655,
206,210,9.6076,
206,259,5.69716,
206,261,32.8057,
206,277,7.96422,
206,284,6.75441,
206,312,142.032,
206,315,23.9244,
206,375,13.2104,
207,216,7.36417,
207,223,7.3692,
207,257,109.293,
207,261,16.895,
207,313,6.35932,
207,314,5.71476,
207,315,25.5443,
207,333,5.88018,
207,346,26.7082,
207,375,9.45042,
207,383,6.28569,
207,387,6.08449,
208,215,10.5742,
208,220,33.2603,
208,239,12.4449,
208,264,82.5805,
208,270,21.8343,
208,274,9.06493,
208,284,17.3012,
208,289,6.10693,
208,339,5.98297,
208,342,7.31616,
208,357,7.62105,
208,385,8.57428,
210,216,5.76306,
210,229,5.99442,
210,239,7.15459,
210,259,24.6412,
210,270,5.57613,
210,275,20.7426,
210,303,8.31062,
210,342,118.765,
210,345,21.0681,
210,365,33.7659,
210,375,112.294,
210,385,28.2994,
210,387,14.4417,
210,389,20.6021,
211,215,274.85,
211,221,7.97784,
211,226,5.58856,
211,227,672.26,
211,253,89.0424,
211,259,5.95159,
211,260,11.859,
211,266,7.48746,
211,270,6.96263,
211,289,10.6197,
211,298,52.6222,
211,303,63.4402,
211,309,5.70897,
211,323,6.22003,
211,329,38.2749,
211,334,6.51076,
211,335,36.2125,
211,338,21.7462,
211,346,5.66103,
211,358,8.24416,
211,375,12.336,
211,377,10.4941,
212,217,10.0712,
212,226,116.964,
212,242,15.0709,
212,252,5.61031,
212,261,42.0393,
212,279,9.70748,
212,283,9.09038,
212,287,6.84234,
212,348,17.2405,
212,351,32.5688,
212,367,8.50269,
213,230,5.65787,
213,235,17.3049,
213,240,13.6659,
213,302,9.20366,
213,327,12.7205,
213,328,13.8418,
214,230,5.48802,
214,237,5.26259,
214,238,9.72062,
214,239,96.9962,
214,241,6.79485,
214,250,488.984,
214,260,46.751,
214,293,7.60048,
214,313,8.5619,
214,316,119.664,
214,322,8.97256,
214,325,6.71776,
214,331,13.744,
214,379,21.9063,
215,234,5.27549,
215,259,16.9779,
215,264,5.03352,
215,265,6.67422,
215,270,166.572,
215,283,9.12953,
215,292,12.3651,
215,297,14.2107,
215,298,10.9476,
215,305,10.7728,
215,309,5.82376,
215,313,23.8349,
215,326,12.7536,
215,389,7.93646,
216,218,7.60243,
216,224,6.56356,
216,252,12.7169,
216,255,6.55461,
216,261,83.8102,
216,263,14.6977,
216,264,5.16641,
216,277,51.0888,
216,284,48.4068,
216,304,7.45539,
216,313,7.56575,
216,314,8.18212,
216,315,71.2225,
216,320,1139.78,
216,342,34.0089,
216,350,135.321,
216,365,8.45265,
216,375,9.71318,
216,383,32.7173,
216,384,13.9651,
217,220,9.77318,
217,269,37.418,
217,271,9.33422,
217,275,6.02748,
217,276,5.83974,
217,283,15.1189,
217,284,10.2742,
217,291,15.373,
217,294,5.25798,
217,298,10.7187,
217,303,5.6065,
217,305,33.7859,
217,339,24.4033,
217,354,18.3368,
217,380,9.36852,
218,253,7.54496,
218,278,28.2692,
218,283,10.1446,
218,294,8.24839,
218,313,5.34275,
218,333,13.0711,
218,386,5.05008,
219,261,60.4357,
219,284,5.97868,
219,293,8.50136,
220,227,14.0466,
220,235,21.5612,
220,239,111.714,
220,240,35.6655,
220,245,51.7469,
220,251,9.93935,
220,258,76.4333,
220,270,28.2125,
220,272,6.13073,
220,273,5.24332,
220,282,15.3552,
220,285,9.75745,
220,298,24.6181,
220,304,5.3113,
220,317,45.4094,
220,320,5.80115,
220,332,7.9457,
220,341,10.1707,
220,345,7.07641,
220,347,5.27293,
220,366,5.66359,
221,252,13.9677,
221,281,9.77579,
221,305,20.8917,
221,367,5.30603,
221,372,28.561,
222,240,6.05747,
222,243,6.32646,
222,300,11.5209,
223,231,11.6916,
223,264,58.6741,
223,298,16.4459,
224,253,60.8453,
224,261,6.61878,
224,378,6.33461,
224,388,30.8247,
225,243,9.56465,
225,252,17.44,
225,264,40.6172,
225,271,12.4936,
225,288,6.19785,
225,293,13.925,
225,326,6.95962,
225,349,14.8083,
225,351,14.1132,
225,370,13.7664,
226,227,6.06978,
226,238,573.476,
226,243,11.1022,
226,245,34.5554,
226,249,6.60766,
226,251,6.53708,
226,255,7.42988,
226,261,51.7009,
226,263,108.77,
226,272,5.38391,
226,273,5.18523,
226,298,39.9082,
226,301,5.65323,
226,303,6.47965,
226,306,5.25124,
226,324,26.2135,
226,326,26.4011,
226,333,22.9479,
226,339,18.0316,
226,344,5.7851,
226,347,6.40023,
226,352,32.3944,
226,353,16.2994,
226,358,11.2676,
226,366,11.2312,
226,369,5.67075,
226,376,5.2766,
226,377,8.78593,
226,380,24.8077,
226,389,11.1483,
227,242,20.9189,
227,247,53.3515,
227,248,5.6768,
227,252,37.3924,
227,260,7.20123,
227,269,10.2284,
227,271,15.6448,
227,274,13.0846,
227,310,14.5959,
227,313,6.49724,
227,337,7.83015,
228,242,6.4411,
228,248,7.56275,
228,259,535.241,
228,283,12.9218,
228,298,7.03187,
228,315,5.56133,
228,333,10.0741,
228,348,15.6029,
228,354,7.48249,
228,357,10.2725,
229,274,9.60394,
229,275,48.029,
229,283,5.64362,
229,284,5.41597,
229,287,11.1813,
229,296,6.11008,
229,298,6.51096,
229,318,5.342,
229,335,10.6489,
229,345,12.9178,
229,372,34.6208,
230,243,479.455,
230,244,110.687,
230,255,5.14082,
230,269,225.717,
230,281,16.0774,
230,283,5.37965,
230,324,5.13388,
230,351,2488.89,
230,358,7.32598,
230,367,13.8786,
230,368,12.3511,
230,390,12.0942,
231,314,16.8112,
231,315,21.0515,
232,261,5.90008,
232,283,10.9481,
233,315,18.1932,
233,333,12.9028,
233,387,7.02653,
234,259,12.1046,
234,261,53.5427,
234,270,75.4565,
234,284,5.97721,
234,298,9.51243,
234,315,7.27794,
234,337,5.67407,
235,237,5.7593,
235,249,12.8086,
235,262,10.3348,
235,270,96.1263,
235,273,12.4708,
235,288,15.638,
235,289,10.3339,
235,301,5.84719,
235,305,5.69096,
235,306,24.9109,
235,349,48.1754,
235,351,23.2917,
235,363,885.619,
235,368,14.1079,
235,376,12.0411,
235,378,11.9161,
236,300,6.0723,
237,248,6.38156,
237,283,5.52699,
237,326,7.27252,
237,338,26.3365,
237,349,23.4969,
238,248,6.08424,
238,258,6.9457,
238,271,23.7723,
238,283,11.3622,
238,326,8.19927,
238,349,20.3566,
238,351,6.2411,
238,364,68.7433,
239,251,16.6392,
239,262,7.74621,
239,276,79.3824,
239,279,15.5164,
239,281,6.03932,
239,288,7.72559,
239,310,5.38027,
239,326,5.36535,
239,347,5.37169,
239,349,29.6074,
239,352,5.98687,
239,364,22.0342,
239,374,6.73908,
240,261,22.5907,
240,311,6.37194,
241,243,15.2105,
241,244,23.3848,
241,245,7.49883,
241,255,5.49659,
241,318,9.54656,
241,349,6.018,
241,367,16.4688,
241,388,18.4025,
242,247,5.17862,
242,270,12.0274,
242,276,10.7898,
242,283,598.764,
242,291,6.66925,
242,292,24.4909,
242,293,5.89163,
242,294,9.47351,
242,298,185.624,
242,317,8.42423,
242,322,8.6257,
242,345,29.9299,
242,350,17.6471,
242,357,5.866,
243,245,13.9011,
243,247,9.261,
243,250,8.9695,
243,262,563.181,
243,271,19.2547,
243,285,10.4875,
243,288,55.3086,
243,291,9.59204,
243,302,6.11521,
243,310,7.01047,
243,317,171.122,
243,326,43.3496,
243,335,6.97867,
243,338,5.50412,
243,345,8.20429,
243,350,7.54203,
243,352,16.8479,
243,357,18.6763,
243,358,5.31188,
243,359,13.0906,
243,370,7.2817,
243,390,46.4829,
244,262,14.1379,
244,271,5.0657,
244,288,12.9219,
244,289,6.02769,
244,291,6.04634,
244,335,7.82221,
244,345,6.73363,
244,347,12.0677,
244,349,17.9165,
244,352,5.31205,
244,364,5.17153,
245,258,6.76413,
245,291,9.71643,
245,298,6.79083,
245,323,19.1206,
245,345,6.65392,
245,347,8.19531,
245,353,6.23828,
245,364,27.6282,
246,315,6510,
246,388,5.30426,
247,264,13.6332,
247,270,11.2635,
247,273,5.47606,
247,286,7.91697,
247,294,7.11927,
247,337,6.17282,
247,338,141.305,
247,339,93.2317,
247,345,13.3115,
247,349,31.883,
247,350,5.74564,
247,354,5.93955,
248,276,9.21973,
248,286,5.79093,
248,291,53.3865,
248,301,26.0402,
248,306,11.1943,
248,309,10.1384,
248,321,6.54082,
248,325,194.152,
248,332,349.577,
248,344,12.5415,
248,352,5.78686,
248,376,7.01853,
248,379,5.89332,
249,260,30.2402,
249,281,6.16972,
249,283,77.9149,
249,310,5.61117,
249,326,10.6873,
249,349,11.7634,
249,359,25.1529,
250,258,22.9724,
250,276,15.076,
250,283,57.9442,
250,298,6.11031,
250,305,5.58871,
250,338,7.23916,
250,349,8.88218,
250,351,8.85977,
250,367,65.9356,
250,390,18.3392,
251,268,6.23389,
251,271,6.83342,
251,281,16.5038,
251,283,8.99717,
251,298,5.65672,
251,305,8.49573,
251,310,10.509,
251,331,9.38591,
251,349,178.726,
251,367,45.4247,
252,259,9.24458,
252,261,10.6883,
252,264,5.67829,
252,269,5.2596,
252,272,5.13491,
252,278,10.271,
252,284,16.1392,
252,294,26.7239,
252,303,85.9988,
252,317,5.26394,
252,323,5.51425,
252,330,11.524,
252,345,177.375,
252,361,11.6503,
252,363,5.72909,
252,377,12.8066,
252,382,20.9894,
252,388,5.01609,
253,296,8.79761,
253,307,5.45181,
253,318,6.42271,
254,263,6.63863,
254,264,19.2414,
254,270,24.091,
254,277,5.13651,
254,284,101.94,
255,307,5.88034,
255,309,23.3749,
255,320,72.9262,
255,358,5.1675,
255,377,156.843,
255,386,5.36991,
255,388,7.14549,
257,270,9.9386,
257,276,911.426,
257,284,14.9145,
257,297,20.1246,
257,298,7.55681,
257,318,5.70625,
257,375,5.0218,
257,387,5.04318,
258,335,22.6593,
258,338,17.6784,
258,339,23.505,
258,348,21.8054,
258,366,5.22894,
259,287,69.5801,
259,322,13.3524,
259,334,9.45401,
259,355,5.88446,
259,357,19.2639,
259,361,5.96503,
259,362,26.8317,
259,383,54.3796,
260,262,18.467,
260,263,9.33224,
260,283,12.8839,
260,285,8.04827,
260,308,7.83795,
260,347,9.25684,
260,390,5.47712,
261,264,5.11295,
261,266,10.9465,
261,270,5.59331,
261,276,5.47918,
261,278,16.8826,
261,292,12.2733,
261,309,7.46297,
261,313,15.8409,
261,314,10.2961,
261,315,188.666,
261,319,8.31981,
261,329,6.55054,
261,345,5.76695,
261,352,13.6613,
261,354,5.04948,
261,360,15.8255,
261,362,6.10041,
261,365,17.5263,
261,368,14.5461,
261,378,5.19305,
261,383,7.32467,
262,263,6.26697,
262,268,5.61152,
262,270,6.00014,
262,283,36.2027,
262,301,7.00166,
262,317,5.92524,
262,326,11.5778,
262,345,6.3107,
262,353,14.7482,
262,358,65.622,
262,373,74.0111,
263,270,17.4096,
263,283,7.45632,
263,292,11.621,
263,316,16.5788,
263,322,154.112,
263,326,20.1901,
263,353,5.269,
263,377,24.0872,
264,275,11.3857,
264,294,6.34485,
264,298,5.16204,
264,313,16.871,
264,320,25.0988,
264,333,65.479,
264,355,16.5388,
264,362,7.95733,
264,375,8.31651,
264,381,6.76904,
264,386,7.28905,
265,270,5.11479,
265,283,16.2413,
265,298,8.14239,
265,355,23.9464,
265,360,5.27879,
266,278,22.5115,
266,297,6.46119,
267,270,7.24417,
267,335,96.8611,
267,351,10.4291,
267,367,29.3084,
268,295,6.13811,
269,270,5.8941,
269,293,16.7337,
269,318,5.24686,
269,330,21.3102,
269,331,7.72673,
269,357,5.57768,
269,364,11.8652,
269,370,6.74457,
270,275,5.00041,
270,276,6.82077,
270,279,5.27913,
270,284,14.3878,
270,288,5.0622,
270,301,66.0417,
270,305,6.06443,
270,310,6.56839,
270,314,11.3834,
270,320,10.7622,
270,334,19.2575,
270,337,5.30442,
270,353,7.22723,
270,356,7.93605,
270,361,6.46499,
270,362,5.39874,
270,363,46.0724,
270,364,31.724,
270,365,10.6861,
270,372,11.9157,
270,383,22.9107,
270,387,863.524,
270,389,11.7159,
271,273,5.30875,
271,282,19.9687,
271,291,8.3796,
271,293,34.0271,
271,306,52.7147,
271,313,59.7629,
271,324,6.23928,
271,325,15.8697,
271,327,7.29223,
271,332,10.4665,
271,348,135.323,
271,350,71.717,
271,352,34.6287,
271,366,24.7912,
271,367,21.046,
271,369,8.22284,
271,371,9.64885,
271,374,39.1688,
271,381,6.00995,
272,281,6.15211,
272,283,5.83789,
272,305,11.2398,
272,374,10.3304,
273,283,7.91755,
273,298,7.33025,
273,318,19.3346,
273,326,22.0679,
273,331,76.316,
274,283,19.3264,
274,298,21.5085,
274,345,24.9046,
274,348,9.34308,
275,277,7.12023,
275,294,8.03449,
275,305,5.95656,
275,311,22.798,
275,342,5.14006,
275,346,24.5304,
275,348,38.6343,
275,361,8.04265,
275,377,9.46109,
276,284,6.55904,
276,288,11.2338,
276,310,6.30354,
276,347,431.776,
276,389,23.0741,
277,296,10.4716,
277,298,20.3139,
277,313,5.6934,
277,319,5.12775,
277,333,19.722,
277,334,6.8871,
277,354,9.32595,
277,360,8.93638,
277,388,6.60333,
278,315,11.7532,
278,387,7.93919,
278,388,50.1107,
279,287,6.2975,
279,292,16.8757,
279,293,9.92002,
279,294,831.301,
279,314,19.3087,
279,326,21.0147,
279,335,6.12632,
279,340,9.17292,
279,345,6.69085,
279,346,13.5882,
279,348,6.29134,
279,353,11.4437,
279,358,18.5888,
279,370,6.44996,
279,378,7.59852,
280,318,10.8105,
280,319,45.6457,
280,388,5.23422,
281,282,5.79569,
281,298,7.01907,
281,316,133.43,
281,317,6.27004,
281,331,35.4146,
281,338,99.8267,
281,340,31.2234,
281,345,7.51814,
281,364,38.7264,
281,366,14.2395,
281,370,5.86605,
281,371,6.18259,
281,377,5.54331,
281,381,13.5353,
282,283,6.41532,
282,326,6.29641,
282,335,7.45324,
282,338,7.34588,
282,351,6.60269,
282,358,8.32682,
282,374,8.53533,
283,285,5.62518,
283,289,13.9366,
283,293,14.6396,
283,301,15.4164,
283,302,13.0554,
283,304,6.58628,
283,305,2542.45,
283,309,14.9733,
283,310,9.29371,
283,318,13.0927,
283,320,11.1446,
283,321,8.94067,
283,322,5.33701,
283,323,10.3685,
283,325,30.1209,
283,329,5.25101,
283,330,108.016,
283,332,19.1907,
283,336,5.93196,
283,337,44.5997,
283,340,39.9748,
283,342,416.335,
283,345,6.26489,
283,349,118.266,
283,352,5.77746,
283,353,17.5639,
283,354,60.2924,
283,363,5.26174,
283,368,12.1085,
283,371,9.05661,
283,372,12.3898,
283,376,124.293,
283,377,16.8558,
283,378,5.16277,
283,379,139.478,
283,389,24.2507,
284,287,7.13574,
284,293,109.775,
284,294,435.004,
284,313,5.53736,
284,314,5.2859,
284,322,5.00997,
284,342,11.4657,
284,345,5.72406,
284,348,28.3406,
284,355,34.9201,
284,357,6.15053,
284,360,5.59339,
284,362,8.27644,
284,365,5.56464,
284,370,14.8654,
284,375,5.78271,
284,377,5.21003,
284,383,36.819,
285,291,17.7041,
285,298,5.31603,
285,320,18.5507,
285,333,5.74981,
285,369,43.2973,
285,373,67.5521,
286,310,5.23595,
286,338,20.1031,
286,349,8.71856,
286,364,12.0569,
287,304,12.6205,
287,305,8.44721,
287,319,5.07467,
287,365,15.8181,
287,367,10.6219,
287,375,13.3612,
287,384,7.00829,
288,298,35.9965,
288,301,6.2553,
288,309,6.3319,
288,317,27.2889,
288,321,6.95526,
288,326,5.08904,
288,330,7.2985,
288,331,16.3642,
288,364,7.75312,
288,368,17.2118,
289,301,5.3741,
289,310,48.3801,
289,326,8.14026,
289,351,5.56099,
291,298,7.37195,
291,317,12.1356,
291,326,6.96681,
291,331,18.0664,
291,335,26.0273,
291,358,6.06522,
291,366,18.4566,
292,305,19.7732,
292,315,5.76435,
292,326,17.2894,
292,358,7.87529,
292,361,7.71345,
292,383,7.81937,
292,388,6.32765,
293,298,110.313,
293,326,9.35847,
293,342,6.61241,
293,358,5.38935,
293,374,19.0671,
293,388,6.6821,
294,320,5.44354,
294,322,5.96122,
294,324,23.4253,
294,346,10.9893,
294,349,8.7341,
294,355,28.4656,
294,372,15.6062,
294,378,11.9726,
294,380,21.7974,
294,385,6.27643,
295,367,7.63027,
296,305,15.6832,
296,315,5.71042,
296,358,208.334,
296,375,19.8346,
296,378,8.18742,
296,381,19.8705,
297,323,6.19141,
297,336,30.7451,
297,360,11.9062,
297,362,8.62404,
297,375,11.7497,
298,319,6.78017,
298,320,6.85515,
298,323,5.86457,
298,341,6.11376,
298,349,45.6512,
298,352,12.7581,
298,363,6.2011,
298,369,8.34543,
298,373,10.3117,
298,375,79.3463,
298,377,5.18449,
298,387,5.36297,
298,389,7.88825,
301,316,167.639,
301,326,18.0091,
301,327,5.0614,
301,364,6.45309,
302,311,52.1865,
302,390,8.43998,
303,349,7.59139,
303,351,5.88211,
303,364,15.5681,
304,333,6.7194,
304,354,18.9149,
304,383,11.2688,
305,313,6.98974,
305,316,44.7558,
305,317,33.4724,
305,330,23.0163,
305,348,13.6846,
305,353,9.0319,
305,358,6.55241,
305,380,46.8646,
305,385,24.1194,
306,326,5.72916,
306,364,39.474,
307,315,5.64313,
307,318,11.0341,
307,387,26.2,
308,363,6.44411,
308,367,6.77922,
308,381,119.242,
309,317,24.5819,
309,353,156.943,
309,355,11.6568,
309,370,5.71811,
310,316,10.1562,
310,335,6.09394,
310,344,6.39383,
310,366,5.83166,
310,367,30.9034,
310,370,7.07062,
310,376,6.49448,
311,359,9.81211,
311,366,6.94916,
311,390,5.0996,
312,315,6.54845,
312,360,21.3926,
312,388,8.26194,
314,334,10.2886,
314,354,6.45674,
314,356,22.6187,
314,362,27.6148,
314,388,6.65169,
315,319,6.43111,
315,329,18.2985,
315,337,383.96,
315,339,116.567,
315,345,10.0621,
315,356,8.05228,
315,362,10.0336,
315,364,5.94273,
315,365,16.3819,
315,381,5.61981,
316,347,5.00635,
316,369,7.76294,
316,373,6.38549,
317,326,61.6346,
317,331,39.5492,
317,337,15.0252,
317,344,17.1737,
317,347,10.9603,
317,353,5.67179,
317,358,36.28,
317,371,6.26585,
317,374,7.15323,
318,367,8.17746,
318,372,8.74246,
318,376,84.1256,
318,386,242.182,
318,387,17.7008,
319,387,8.5119,
319,388,5.35081,
320,325,6.24371,
320,354,9.02236,
320,380,13.8992,
320,385,399.908,
321,326,6.99491,
321,349,17.3325,
321,353,12.2505,
322,334,7.5437,
322,340,31.603,
322,370,6.19609,
323,348,16.7286,
323,355,7.9918,
324,338,20.4878,
324,353,9.84367,
324,364,10.7112,
324,371,118.701,
325,326,22.9982,
325,330,14.4562,
325,331,5.4471,
325,345,13.4725,
325,390,9.56123,
326,332,20.2214,
326,340,6.33201,
326,344,39.0235,
326,349,14.0507,
326,352,5.89831,
326,363,7.75129,
326,368,9.13531,
326,369,5.57595,
326,370,8.96143,
326,371,8423.24,
326,373,7.29893,
326,374,9.76457,
326,377,7.99934,
326,379,20.4136,
326,385,34.6363,
327,367,7.93098,
330,339,18.6917,
330,345,6.28273,
330,360,12.7796,
330,374,11.7663,
330,381,14.883,
330,385,8.73771,
331,345,11.4598,
331,363,27.5161,
331,369,11.443,
331,373,213.261,
331,376,19.9338,
332,337,9.30923,
332,347,65.3566,
332,348,6.13739,
332,349,7.74303,
332,364,10.1021,
333,362,8.12878,
333,381,7.25496,
333,388,13.1622,
334,387,20.1334,
334,388,5.75393,
335,339,9.64634,
335,358,7.22322,
335,362,24.2542,
337,358,219.648,
338,353,7.35679,
338,359,7.55582,
338,364,14.7255,
338,367,8.87312,
338,369,10.4805,
338,374,9.11224,
338,376,5.31725,
339,341,31.0389,
339,345,12.8843,
339,346,10.5773,
339,349,5.07876,
341,349,168.072,
341,351,164.366,
341,355,49.1317,
341,363,10.8678,
341,367,14.2704,
342,348,54.8102,
342,350,9.78987,
342,354,20.2718,
343,387,15.6366,
343,388,14.5702,
344,358,23.8823,
344,364,9.10004,
345,349,5.16877,
345,351,8.21964,
345,353,7.0835,
345,367,12.517,
345,368,12.2963,
345,376,5.77866,
345,385,61.7832,
346,348,8.064,
346,372,6.9374,
347,351,127.514,
347,366,8.0909,
347,367,10.9038,
347,370,12.5074,
348,372,8.08113,
348,375,5.39754,
349,352,5.37851,
349,359,5.12841,
349,363,7.61317,
349,370,10.1415,
349,371,12.3748,
349,376,31.8377,
349,379,7.01535,
350,372,7.83237,
351,352,9.86524,
351,354,23.6509,
351,363,6.836,
351,370,17.4369,
351,374,56.8235,
351,379,42.2686,
352,364,9.56465,
352,367,16.2096,
352,390,6.56794,
353,358,6.74032,
353,372,11.208,
353,390,55.9748,
354,362,6.9544,
355,361,20.2677,
357,362,119.467,
357,372,5.47867,
358,368,5.33809,
358,380,12.7284,
359,367,16.3037,
359,378,11.4864,
359,390,12.5952,
360,365,26.6589,
360,375,6.76891,
360,381,12.0125,
360,386,20.2459,
360,388,6.80112,
363,367,5.07727,
363,370,10.5671,
363,389,12.2472,
364,366,7.53587,
364,368,7.97003,
364,371,10.0313,
364,386,23.8573,
365,375,26.5844,
365,387,5.14145,
368,370,26.4903,
370,374,9.99731,
373,381,27.9053,
375,386,6.98683,
380,381,17.5061,
380,388,6.42256,
383,388,7.84563,
383,389,5.10038,
384,387,36.6218,
384,388,6.24655,
386,388,17.4935,
387,389,6.88409,
